Date,Open,High,Low,Close,Volume
1/2/2013,70.20 ,70.52 ,70.10 ,70.26 ,105956.00 
1/3/2013,70.32 ,70.41 ,70.18 ,70.27 ,16323.00 
1/4/2013,70.54 ,70.55 ,70.01 ,70.34 ,4910.00 
1/7/2013,70.25 ,70.29 ,69.97 ,69.97 ,2001.00 
1/8/2013,70.25 ,70.25 ,69.73 ,69.73 ,2909.00 
1/9/2013,69.84 ,69.97 ,69.70 ,69.95 ,2241.00 
1/10/2013,70.03 ,70.35 ,69.88 ,70.22 ,31791.00 
1/11/2013,69.85 ,69.85 ,69.79 ,69.85 ,779.00 
1/14/2013,70.10 ,70.38 ,69.78 ,69.90 ,3931.00 
1/15/2013,69.72 ,69.92 ,69.20 ,69.39 ,15884.00 
1/16/2013,69.78 ,69.78 ,69.21 ,69.62 ,9935.00 
1/17/2013,69.49 ,70.20 ,69.47 ,69.89 ,1415.00 
1/18/2013,70.16 ,70.17 ,69.82 ,69.87 ,10371.00 
1/21/2013,70.10 ,70.13 ,69.98 ,70.13 ,747.00 
1/22/2013,70.12 ,70.12 ,69.11 ,69.63 ,47453.00 
1/23/2013,69.77 ,69.94 ,69.61 ,69.77 ,47958.00 
1/24/2013,70.13 ,70.15 ,69.39 ,70.15 ,65741.00 
1/25/2013,70.77 ,71.10 ,70.77 ,71.00 ,45301.00 
1/28/2013,71.13 ,71.26 ,70.98 ,71.06 ,3782.00 
1/29/2013,71.38 ,71.38 ,70.76 ,70.97 ,34292.00 
1/30/2013,71.06 ,71.06 ,70.40 ,70.68 ,9845.00 
1/31/2013,70.60 ,70.64 ,70.34 ,70.59 ,7819.00 
2/1/2013,71.00 ,71.06 ,70.57 ,71.06 ,18367.00 
2/4/2013,70.91 ,70.91 ,69.42 ,69.46 ,86812.00 
2/5/2013,68.50 ,69.45 ,68.50 ,69.36 ,40169.00 
2/6/2013,69.55 ,69.55 ,68.35 ,68.46 ,17700.00 
2/7/2013,68.58 ,69.25 ,68.58 ,68.71 ,21258.00 
2/8/2013,68.88 ,69.24 ,68.83 ,69.20 ,64415.00 
2/11/2013,69.21 ,69.53 ,68.87 ,68.94 ,37460.00 
2/12/2013,69.00 ,69.34 ,68.75 ,69.28 ,27054.00 
2/13/2013,69.88 ,69.99 ,69.82 ,69.93 ,14450.00 
2/14/2013,69.73 ,69.96 ,68.92 ,69.18 ,74373.00 
2/15/2013,69.49 ,69.49 ,68.81 ,68.93 ,12544.00 
2/18/2013,68.84 ,69.11 ,68.71 ,69.08 ,5243.00 
2/19/2013,69.06 ,70.29 ,69.06 ,70.10 ,75479.00 
2/20/2013,70.39 ,70.46 ,69.96 ,69.96 ,8922.00 
2/21/2013,69.53 ,69.53 ,68.49 ,68.71 ,171443.00 
2/22/2013,68.93 ,69.52 ,68.93 ,69.27 ,94014.00 
2/25/2013,69.76 ,71.10 ,69.76 ,70.30 ,157939.00 
2/26/2013,68.95 ,69.38 ,68.89 ,69.02 ,71031.00 
2/27/2013,69.15 ,69.48 ,68.50 ,69.48 ,27083.00 
2/28/2013,70.00 ,70.10 ,69.77 ,69.99 ,27627.00 
3/1/2013,70.33 ,70.33 ,69.16 ,69.91 ,64068.00 
3/4/2013,69.40 ,69.79 ,69.21 ,69.79 ,53793.00 
3/5/2013,70.37 ,71.13 ,70.37 ,71.12 ,93202.00 
3/6/2013,71.50 ,72.15 ,71.50 ,71.71 ,85831.00 
3/7/2013,71.83 ,71.94 ,71.68 ,71.87 ,118820.00 
3/8/2013,72.50 ,72.51 ,72.11 ,72.24 ,25321.00 
3/11/2013,72.40 ,72.40 ,72.06 ,72.27 ,15523.00 
3/12/2013,72.19 ,72.35 ,71.93 ,72.19 ,25833.00 
3/13/2013,72.04 ,72.14 ,71.94 ,72.14 ,4379.00 
3/14/2013,72.57 ,72.91 ,72.57 ,72.76 ,11255.00 
3/15/2013,73.00 ,73.00 ,72.48 ,72.65 ,33727.00 
3/18/2013,72.18 ,72.56 ,71.65 ,72.56 ,15455.00 
3/19/2013,72.20 ,72.40 ,71.74 ,71.74 ,36882.00 
3/20/2013,72.37 ,72.63 ,72.22 ,72.42 ,66624.00 
3/21/2013,72.35 ,72.35 ,71.50 ,71.79 ,126442.00 
3/22/2013,71.57 ,71.95 ,71.39 ,71.87 ,52389.00 
3/25/2013,72.78 ,72.78 ,71.18 ,71.30 ,101507.00 
3/26/2013,71.31 ,71.57 ,71.18 ,71.33 ,73813.00 
3/27/2013,71.64 ,71.64 ,70.27 ,70.59 ,175117.00 
3/28/2013,70.52 ,70.95 ,70.46 ,70.73 ,50717.00 
4/2/2013,70.70 ,71.85 ,70.70 ,71.80 ,81711.00 
4/3/2013,71.76 ,72.01 ,71.33 ,71.33 ,30391.00 
4/4/2013,71.34 ,71.75 ,70.71 ,70.71 ,57800.00 
4/5/2013,70.79 ,70.79 ,69.18 ,69.28 ,183470.00 
4/8/2013,69.45 ,69.66 ,69.25 ,69.36 ,27304.00 
4/9/2013,69.76 ,69.87 ,68.88 ,68.97 ,59623.00 
4/10/2013,69.60 ,70.78 ,69.60 ,70.76 ,8149.00 
4/11/2013,70.69 ,71.27 ,70.63 ,71.27 ,29672.00 
4/12/2013,70.60 ,70.60 ,69.99 ,70.06 ,24108.00 
4/15/2013,70.13 ,70.13 ,69.41 ,69.73 ,12995.00 
4/16/2013,69.40 ,69.87 ,69.06 ,69.50 ,45823.00 
4/17/2013,69.80 ,69.80 ,67.41 ,67.92 ,132997.00 
4/18/2013,68.09 ,68.28 ,67.35 ,67.73 ,27730.00 
4/19/2013,67.72 ,68.07 ,67.01 ,67.25 ,51860.00 
4/22/2013,68.00 ,68.09 ,67.47 ,67.55 ,36531.00 
4/23/2013,67.61 ,69.35 ,67.48 ,69.35 ,13308.00 
4/24/2013,69.64 ,70.18 ,69.40 ,70.08 ,50675.00 
4/25/2013,70.20 ,70.75 ,69.94 ,70.75 ,1084.00 
4/26/2013,70.44 ,70.68 ,70.27 ,70.58 ,890.00 
4/29/2013,71.00 ,71.24 ,70.63 ,71.14 ,15046.00 
4/30/2013,71.60 ,71.86 ,71.09 ,71.55 ,11850.00 
5/2/2013,71.16 ,71.68 ,71.16 ,71.57 ,41415.00 
5/3/2013,71.51 ,72.98 ,71.51 ,72.87 ,35399.00 
5/6/2013,72.79 ,73.03 ,72.78 ,72.87 ,23543.00 
5/7/2013,73.05 ,73.56 ,72.86 ,73.38 ,39682.00 
5/8/2013,73.40 ,74.00 ,73.39 ,73.98 ,55596.00 
5/9/2013,74.04 ,74.20 ,73.72 ,74.07 ,22210.00 
5/10/2013,74.19 ,75.00 ,74.00 ,74.28 ,41737.00 
5/13/2013,74.71 ,74.71 ,73.76 ,74.20 ,21209.00 
5/14/2013,74.18 ,74.85 ,74.04 ,74.85 ,8274.00 
5/15/2013,74.83 ,75.02 ,74.67 ,75.02 ,26674.00 
5/16/2013,74.94 ,75.38 ,74.82 ,75.02 ,34073.00 
5/17/2013,75.00 ,75.41 ,74.90 ,75.38 ,30101.00 
5/20/2013,75.81 ,75.85 ,75.46 ,75.83 ,8478.00 
5/21/2013,75.67 ,76.03 ,75.52 ,75.87 ,22605.00 
5/22/2013,76.04 ,76.83 ,75.84 ,76.61 ,32752.00 
5/23/2013,75.41 ,75.41 ,74.40 ,74.88 ,41027.00 
5/24/2013,75.14 ,75.14 ,74.21 ,74.66 ,55936.00 
5/27/2013,75.24 ,75.28 ,74.92 ,75.28 ,4674.00 
5/28/2013,75.85 ,76.50 ,75.85 ,76.10 ,16171.00 
5/29/2013,75.62 ,75.62 ,74.69 ,74.69 ,22192.00 
5/30/2013,74.74 ,75.55 ,74.74 ,75.37 ,2933.00 
5/31/2013,75.02 ,75.25 ,74.57 ,75.19 ,17809.00 
6/3/2013,74.55 ,75.27 ,73.42 ,74.52 ,4775.00 
6/4/2013,74.71 ,74.71 ,74.43 ,74.46 ,21610.00 
6/5/2013,74.15 ,74.21 ,73.56 ,73.66 ,14029.00 
6/6/2013,73.71 ,73.81 ,72.45 ,72.91 ,18479.00 
6/7/2013,73.02 ,74.31 ,72.16 ,74.19 ,27730.00 
6/10/2013,74.00 ,74.90 ,74.00 ,74.44 ,24916.00 
6/11/2013,73.49 ,74.06 ,73.17 ,73.64 ,56863.00 
6/12/2013,73.76 ,73.84 ,73.29 ,73.29 ,3615.00 
6/13/2013,71.80 ,72.65 ,71.58 ,72.65 ,45504.00 
6/14/2013,73.18 ,73.43 ,72.89 ,73.43 ,50477.00 
6/17/2013,73.69 ,74.43 ,73.68 ,74.00 ,31133.00 
6/18/2013,73.57 ,73.95 ,73.57 ,73.92 ,11924.00 
6/19/2013,73.32 ,74.34 ,73.32 ,73.67 ,57332.00 
6/20/2013,72.23 ,72.23 ,71.23 ,71.23 ,15818.00 
6/21/2013,71.42 ,71.61 ,70.50 ,70.50 ,10753.00 
6/24/2013,70.15 ,70.15 ,68.50 ,69.29 ,18328.00 
6/25/2013,69.69 ,70.36 ,69.69 ,70.12 ,18667.00 
6/26/2013,70.51 ,71.45 ,70.51 ,71.33 ,15609.00 
6/27/2013,71.40 ,71.78 ,71.27 ,71.78 ,3530.00 
6/28/2013,72.73 ,72.73 ,71.06 ,71.48 ,1618.00 
7/1/2013,71.00 ,71.82 ,71.00 ,71.69 ,1753.00 
7/2/2013,71.22 ,71.22 ,70.76 ,70.96 ,3795.00 
7/3/2013,70.00 ,70.05 ,69.41 ,69.96 ,12824.00 
7/4/2013,70.71 ,71.93 ,70.62 ,71.77 ,18936.00 
7/5/2013,72.64 ,72.64 ,70.22 ,70.36 ,52271.00 
7/8/2013,71.23 ,71.96 ,71.23 ,71.96 ,812.00 
7/9/2013,72.21 ,72.53 ,71.99 ,72.48 ,27124.00 
7/10/2013,72.41 ,72.41 ,72.00 ,72.29 ,13890.00 
7/11/2013,73.52 ,73.52 ,73.03 ,73.17 ,32874.00 
7/12/2013,73.44 ,73.93 ,73.44 ,73.74 ,2854.00 
7/15/2013,73.50 ,74.27 ,73.50 ,73.84 ,14581.00 
7/16/2013,74.76 ,74.76 ,73.50 ,73.55 ,7391.00 
7/17/2013,73.75 ,74.29 ,73.10 ,74.16 ,10213.00 
7/18/2013,73.85 ,74.70 ,73.85 ,74.70 ,32636.00 
7/19/2013,74.52 ,74.85 ,74.42 ,74.62 ,11211.00 
7/22/2013,74.88 ,75.00 ,74.72 ,74.76 ,19643.00 
7/23/2013,74.98 ,75.03 ,74.65 ,74.65 ,6675.00 
7/24/2013,74.72 ,75.50 ,74.67 ,75.16 ,40110.00 
7/25/2013,74.98 ,74.98 ,74.24 ,74.56 ,28126.00 
7/26/2013,74.90 ,75.00 ,73.90 ,73.90 ,28646.00 
7/29/2013,74.30 ,74.63 ,73.90 ,74.02 ,25989.00 
7/30/2013,74.36 ,74.36 ,74.35 ,74.36 ,413.00 
7/31/2013,73.87 ,74.29 ,73.13 ,74.26 ,32349.00 
8/1/2013,74.81 ,75.46 ,74.77 ,75.34 ,12166.00 
8/2/2013,75.69 ,75.69 ,75.21 ,75.40 ,25682.00 
8/5/2013,75.56 ,75.68 ,75.25 ,75.35 ,18632.00 
8/6/2013,75.38 ,75.74 ,74.30 ,74.30 ,19285.00 
8/7/2013,73.99 ,74.22 ,73.94 ,74.09 ,24010.00 
8/8/2013,74.22 ,74.73 ,74.21 ,74.47 ,9168.00 
8/9/2013,74.80 ,74.92 ,74.40 ,74.83 ,33999.00 
8/12/2013,74.57 ,75.09 ,74.57 ,74.98 ,656.00 
8/13/2013,75.61 ,75.75 ,75.35 ,75.36 ,14127.00 
8/14/2013,75.60 ,75.81 ,75.44 ,75.67 ,944.00 
8/16/2013,75.00 ,75.32 ,74.99 ,75.32 ,12363.00 
8/19/2013,74.82 ,75.16 ,74.82 ,75.11 ,11805.00 
8/20/2013,74.61 ,74.61 ,74.04 ,74.41 ,4870.00 
8/21/2013,74.50 ,74.70 ,74.29 ,74.48 ,1344.00 
8/22/2013,74.65 ,75.58 ,74.65 ,75.58 ,10366.00 
8/23/2013,75.22 ,75.50 ,75.22 ,75.49 ,8556.00 
8/26/2013,75.50 ,75.67 ,75.26 ,75.67 ,9684.00 
8/27/2013,75.21 ,75.42 ,73.61 ,74.12 ,20573.00 
8/28/2013,73.62 ,73.75 ,72.68 ,73.26 ,3452.00 
8/29/2013,73.38 ,73.59 ,73.07 ,73.59 ,41469.00 
8/30/2013,73.37 ,73.37 ,72.75 ,73.01 ,21036.00 
9/2/2013,74.00 ,74.00 ,73.89 ,73.89 ,3949.00 
9/3/2013,73.98 ,73.98 ,73.24 ,73.57 ,18194.00 
9/4/2013,74.00 ,74.00 ,72.78 ,73.52 ,32662.00 
9/5/2013,73.95 ,74.10 ,73.40 ,73.69 ,12577.00 
9/6/2013,74.08 ,74.08 ,73.50 ,73.87 ,28681.00 
9/9/2013,73.80 ,74.60 ,73.80 ,74.25 ,14677.00 
9/10/2013,75.33 ,75.86 ,75.32 ,75.86 ,3857.00 
9/11/2013,75.85 ,76.28 ,75.85 ,76.11 ,15822.00 
9/12/2013,76.29 ,76.31 ,76.10 ,76.18 ,1265.00 
9/13/2013,76.12 ,76.33 ,76.01 ,76.09 ,6307.00 
9/16/2013,77.00 ,77.35 ,76.47 ,77.18 ,6570.00 
9/17/2013,77.13 ,77.26 ,77.06 ,77.26 ,15450.00 
9/18/2013,77.44 ,77.53 ,77.15 ,77.41 ,36972.00 
9/19/2013,78.43 ,78.61 ,77.73 ,77.86 ,29083.00 
9/20/2013,77.88 ,78.14 ,77.80 ,77.91 ,2215.00 
9/24/2013,77.74 ,77.77 ,77.55 ,77.66 ,992.00 
9/25/2013,77.63 ,77.91 ,77.55 ,77.71 ,9357.00 
9/26/2013,77.64 ,77.75 ,77.42 ,77.75 ,16976.00 
9/27/2013,77.51 ,77.72 ,77.30 ,77.65 ,6905.00 
9/30/2013,77.56 ,77.56 ,76.83 ,77.10 ,7642.00 
10/1/2013,77.53 ,77.78 ,77.33 ,77.78 ,22870.00 
10/2/2013,77.51 ,77.77 ,77.00 ,77.29 ,4883.00 
10/3/2013,77.59 ,77.59 ,77.20 ,77.20 ,281.00 
10/4/2013,76.99 ,77.47 ,76.96 ,77.42 ,21978.00 
10/7/2013,76.34 ,77.19 ,76.34 ,77.19 ,15273.00 
10/8/2013,77.05 ,77.07 ,76.88 ,77.03 ,2624.00 
10/9/2013,76.68 ,77.00 ,76.50 ,76.50 ,3954.00 
10/10/2013,76.94 ,78.09 ,76.94 ,77.85 ,24757.00 
10/11/2013,78.12 ,78.34 ,78.10 ,78.20 ,1395.00 
10/14/2013,77.99 ,78.20 ,77.99 ,78.18 ,4414.00 
10/15/2013,78.70 ,79.00 ,78.68 ,78.86 ,7304.00 
10/16/2013,78.95 ,79.45 ,78.82 ,79.40 ,7652.00 
10/17/2013,79.17 ,79.17 ,78.81 ,79.02 ,2469.00 
10/18/2013,79.28 ,79.29 ,79.00 ,79.29 ,1147.00 
10/21/2013,79.39 ,79.69 ,79.31 ,79.55 ,18287.00 
10/22/2013,80.27 ,80.64 ,79.43 ,80.51 ,1590.00 
10/23/2013,79.99 ,80.11 ,79.86 ,79.90 ,13141.00 
10/24/2013,80.53 ,80.70 ,80.43 ,80.50 ,10849.00 
10/25/2013,80.45 ,80.72 ,80.43 ,80.56 ,7835.00 
10/28/2013,80.91 ,80.91 ,80.27 ,80.43 ,5868.00 
10/29/2013,80.72 ,80.85 ,80.64 ,80.80 ,5179.00 
10/30/2013,81.00 ,81.24 ,80.77 ,80.77 ,5558.00 
10/31/2013,80.67 ,81.03 ,80.67 ,81.03 ,20847.00 
11/1/2013,81.64 ,81.64 ,80.12 ,81.03 ,513.00 
11/4/2013,81.20 ,81.20 ,80.98 ,81.07 ,10337.00 
11/5/2013,80.80 ,80.80 ,80.56 ,80.58 ,5348.00 
11/6/2013,81.18 ,81.51 ,81.07 ,81.25 ,2125.00 
11/7/2013,81.09 ,83.50 ,81.09 ,81.35 ,16853.00 
11/8/2013,81.44 ,81.46 ,80.89 ,81.44 ,1990.00 
11/11/2013,81.54 ,81.83 ,81.34 ,81.83 ,1158.00 
11/12/2013,81.67 ,81.67 ,81.48 ,81.63 ,1659.00 
11/13/2013,81.38 ,81.38 ,80.65 ,81.05 ,16915.00 
11/14/2013,81.02 ,82.00 ,81.02 ,82.00 ,2670.00 
11/15/2013,82.05 ,82.30 ,81.98 ,82.28 ,5780.00 
11/18/2013,82.14 ,82.80 ,82.10 ,82.80 ,5361.00 
11/19/2013,82.80 ,82.80 ,82.43 ,82.51 ,1591.00 
11/20/2013,82.25 ,82.75 ,82.23 ,82.52 ,9070.00 
11/21/2013,81.91 ,82.58 ,81.91 ,82.57 ,17538.00 
11/22/2013,82.68 ,82.70 ,82.38 ,82.70 ,11852.00 
11/25/2013,83.04 ,83.56 ,83.04 ,83.45 ,1098.00 
11/26/2013,83.59 ,83.59 ,83.36 ,83.47 ,1787.00 
11/27/2013,83.49 ,84.00 ,83.49 ,83.94 ,11717.00 
11/28/2013,84.56 ,84.56 ,84.06 ,84.26 ,1853.00 
11/29/2013,84.24 ,84.53 ,84.24 ,84.50 ,1110.00 
12/2/2013,84.50 ,85.10 ,84.20 ,84.38 ,2634.00 
12/3/2013,84.33 ,84.36 ,82.95 ,83.26 ,6480.00 
12/4/2013,82.85 ,82.98 ,81.63 ,82.28 ,6494.00 
12/5/2013,82.13 ,82.13 ,81.51 ,81.59 ,2327.00 
12/6/2013,81.87 ,82.34 ,81.55 ,82.34 ,8417.00 
12/9/2013,85.00 ,85.00 ,82.37 ,82.54 ,19923.00 
12/10/2013,82.37 ,82.57 ,81.70 ,82.04 ,6570.00 
12/11/2013,81.72 ,82.05 ,81.40 ,81.40 ,2792.00 
12/12/2013,81.31 ,81.31 ,80.77 ,80.89 ,8702.00 
12/13/2013,81.09 ,81.09 ,80.63 ,80.83 ,7596.00 
12/16/2013,80.88 ,82.42 ,80.80 ,81.76 ,27565.00 
12/17/2013,82.06 ,82.35 ,81.69 ,81.70 ,22679.00 
12/18/2013,81.99 ,82.70 ,81.99 ,82.34 ,34747.00 
12/19/2013,83.27 ,83.62 ,83.18 ,83.60 ,3553.00 
12/20/2013,84.08 ,84.35 ,84.00 ,84.32 ,5304.00 
12/23/2013,84.67 ,85.09 ,84.60 ,85.00 ,3221.00 
12/27/2013,85.50 ,85.93 ,85.50 ,85.93 ,3885.00 
12/30/2013,86.04 ,86.06 ,85.79 ,86.06 ,1226.00 
1/2/2014,86.50 ,88.66 ,84.40 ,84.47 ,37888.00 
1/3/2014,84.38 ,84.80 ,84.12 ,84.72 ,15847.00 
1/6/2014,84.52 ,84.89 ,84.48 ,84.49 ,36195.00 
1/7/2014,84.65 ,85.32 ,84.65 ,85.28 ,9269.00 
1/8/2014,85.31 ,85.35 ,84.99 ,85.08 ,2668.00 
1/9/2014,85.44 ,85.57 ,84.43 ,84.47 ,3219.00 
1/10/2014,84.95 ,85.39 ,84.78 ,84.95 ,6074.00 
1/13/2014,85.10 ,85.29 ,84.87 ,85.21 ,2364.00 
1/14/2014,84.40 ,85.54 ,84.40 ,85.54 ,2400.00 
1/15/2014,86.50 ,87.42 ,86.25 ,87.22 ,5023.00 
1/16/2014,87.65 ,87.98 ,87.07 ,87.22 ,5708.00 
1/17/2014,87.25 ,87.70 ,87.22 ,87.42 ,10252.00 
1/20/2014,86.94 ,87.29 ,86.23 ,87.03 ,5918.00 
1/21/2014,88.00 ,88.00 ,87.22 ,87.22 ,46594.00 
1/22/2014,87.52 ,87.80 ,87.00 ,87.37 ,10944.00 
1/23/2014,87.12 ,87.21 ,86.13 ,86.34 ,32632.00 
1/24/2014,86.59 ,86.59 ,84.16 ,84.35 ,30555.00 
1/27/2014,85.00 ,85.00 ,83.48 ,83.58 ,29169.00 
1/28/2014,84.03 ,84.51 ,83.96 ,84.38 ,20105.00 
1/29/2014,85.30 ,85.34 ,82.60 ,83.64 ,9458.00 
1/30/2014,85.43 ,85.43 ,83.39 ,84.05 ,5753.00 
1/31/2014,83.76 ,83.76 ,82.23 ,83.38 ,9237.00 
2/3/2014,83.85 ,83.85 ,82.30 ,82.30 ,7477.00 
2/4/2014,81.84 ,81.93 ,81.18 ,81.93 ,10287.00 
2/5/2014,82.50 ,82.50 ,81.63 ,81.86 ,1406.00 
2/6/2014,82.10 ,82.90 ,81.00 ,82.89 ,41844.00 
2/7/2014,82.90 ,83.60 ,82.90 ,83.40 ,4309.00 
2/10/2014,83.73 ,83.87 ,83.30 ,83.33 ,9561.00 
2/11/2014,83.90 ,84.90 ,83.73 ,84.90 ,13759.00 
2/12/2014,88.50 ,88.51 ,85.42 ,85.50 ,4748.00 
2/13/2014,85.41 ,85.88 ,85.23 ,85.88 ,2756.00 
2/14/2014,86.01 ,86.92 ,86.01 ,86.46 ,3613.00 
2/17/2014,86.69 ,86.78 ,86.50 ,86.64 ,2949.00 
2/18/2014,86.76 ,86.78 ,86.22 ,86.60 ,6550.00 
2/19/2014,86.36 ,86.84 ,86.08 ,86.59 ,1589.00 
2/20/2014,85.44 ,86.14 ,85.30 ,86.14 ,5559.00 
2/21/2014,86.61 ,86.61 ,86.13 ,86.50 ,1162.00 
2/24/2014,86.21 ,86.80 ,86.21 ,86.80 ,28870.00 
2/25/2014,86.85 ,86.85 ,86.52 ,86.52 ,1183.00 
2/26/2014,86.81 ,86.81 ,86.30 ,86.63 ,6415.00 
2/27/2014,86.60 ,86.60 ,85.22 ,85.90 ,7363.00 
2/28/2014,86.02 ,86.79 ,85.91 ,86.65 ,5498.00 
3/3/2014,85.10 ,85.20 ,84.00 ,84.06 ,28222.00 
3/4/2014,85.08 ,85.90 ,84.57 ,85.89 ,8297.00 
3/5/2014,85.87 ,86.00 ,85.65 ,85.66 ,929.00 
3/6/2014,85.84 ,85.92 ,85.41 ,85.54 ,20071.00 
3/7/2014,84.89 ,85.21 ,84.25 ,84.25 ,8519.00 
3/10/2014,83.39 ,84.14 ,82.74 ,83.10 ,9887.00 
3/11/2014,83.28 ,84.01 ,83.12 ,83.97 ,13312.00 
3/12/2014,82.60 ,82.65 ,81.96 ,82.53 ,13487.00 
3/13/2014,82.47 ,82.70 ,80.93 ,81.08 ,5753.00 
3/14/2014,80.08 ,81.40 ,79.66 ,81.40 ,36521.00 
3/17/2014,81.57 ,82.45 ,81.21 ,82.39 ,4994.00 
3/18/2014,81.75 ,83.52 ,81.75 ,83.25 ,18366.00 
3/19/2014,84.65 ,84.65 ,82.78 ,83.24 ,16313.00 
3/20/2014,82.71 ,83.10 ,82.20 ,83.10 ,16527.00 
3/21/2014,83.50 ,84.95 ,83.42 ,83.93 ,3376.00 
3/24/2014,83.83 ,83.83 ,82.50 ,82.50 ,32289.00 
3/25/2014,82.68 ,83.90 ,82.68 ,83.65 ,13127.00 
3/26/2014,85.00 ,85.00 ,83.94 ,84.62 ,27601.00 
3/27/2014,84.62 ,84.83 ,84.30 ,84.66 ,43479.00 
3/28/2014,85.17 ,85.86 ,85.04 ,85.86 ,63134.00 
3/31/2014,86.24 ,86.37 ,85.66 ,85.66 ,51757.00 
4/1/2014,86.03 ,86.30 ,85.90 ,86.04 ,52507.00 
4/2/2014,86.35 ,86.48 ,86.15 ,86.26 ,24979.00 
4/3/2014,86.33 ,86.81 ,86.15 ,86.26 ,41798.00 
4/4/2014,86.51 ,87.14 ,86.42 ,86.91 ,28669.00 
4/7/2014,86.17 ,86.17 ,85.21 ,85.21 ,30803.00 
4/8/2014,85.39 ,85.39 ,84.24 ,84.53 ,15144.00 
4/9/2014,85.26 ,85.53 ,85.07 ,85.21 ,28551.00 
4/10/2014,85.60 ,85.78 ,84.77 ,85.00 ,12906.00 
4/11/2014,83.82 ,84.00 ,83.10 ,83.13 ,13889.00 
4/14/2014,83.00 ,83.68 ,82.62 ,83.68 ,10756.00 
4/15/2014,83.17 ,83.48 ,82.26 ,82.30 ,45838.00 
4/16/2014,82.89 ,83.35 ,82.87 ,83.32 ,8159.00 
4/17/2014,83.41 ,84.15 ,83.36 ,84.15 ,8502.00 
4/22/2014,85.39 ,85.90 ,85.16 ,85.83 ,4901.00 
4/23/2014,86.05 ,86.05 ,85.55 ,85.55 ,1730.00 
4/24/2014,86.00 ,86.40 ,84.39 ,85.58 ,10079.00 
4/25/2014,84.95 ,84.95 ,84.08 ,84.08 ,578.00 
4/28/2014,84.30 ,84.67 ,84.20 ,84.67 ,1037.00 
4/29/2014,85.15 ,85.52 ,84.81 ,85.20 ,840.00 
4/30/2014,85.40 ,85.87 ,85.40 ,85.87 ,2559.00 
5/2/2014,85.66 ,85.98 ,85.30 ,85.41 ,1904.00 
5/5/2014,84.14 ,84.59 ,83.90 ,84.59 ,6131.00 
5/6/2014,85.10 ,85.16 ,84.24 ,84.36 ,2603.00 
5/7/2014,84.01 ,85.10 ,84.01 ,84.80 ,4887.00 
5/8/2014,85.09 ,85.60 ,84.99 ,85.50 ,15267.00 
5/9/2014,85.38 ,85.55 ,85.24 ,85.33 ,2322.00 
5/12/2014,85.60 ,86.50 ,85.44 ,86.28 ,18751.00 
5/13/2014,86.70 ,87.10 ,86.69 ,86.92 ,21512.00 
5/14/2014,86.93 ,87.10 ,86.75 ,87.10 ,19182.00 
5/15/2014,87.00 ,87.27 ,85.87 ,86.03 ,22083.00 
5/16/2014,85.59 ,86.06 ,85.43 ,85.61 ,25945.00 
5/19/2014,85.80 ,86.00 ,85.06 ,85.78 ,10957.00 
5/20/2014,86.25 ,86.25 ,85.79 ,85.90 ,1576.00 
5/21/2014,85.70 ,86.44 ,85.70 ,86.38 ,1303.00 
5/22/2014,86.45 ,86.61 ,86.19 ,86.60 ,5736.00 
5/23/2014,86.65 ,87.00 ,86.50 ,87.00 ,4077.00 
5/26/2014,87.30 ,87.99 ,87.30 ,87.99 ,12105.00 
5/27/2014,88.17 ,88.62 ,88.07 ,88.62 ,1296.00 
5/28/2014,88.68 ,88.71 ,88.26 ,88.33 ,1236.00 
5/29/2014,88.43 ,88.59 ,88.40 ,88.54 ,2521.00 
5/30/2014,88.57 ,88.71 ,88.52 ,88.59 ,26733.00 
6/2/2014,90.00 ,90.00 ,88.44 ,88.44 ,6604.00 
6/3/2014,88.55 ,88.55 ,88.23 ,88.48 ,880.00 
6/4/2014,88.18 ,88.40 ,87.88 ,88.40 ,6862.00 
6/5/2014,88.43 ,89.20 ,88.18 ,88.63 ,23952.00 
6/6/2014,88.73 ,89.03 ,88.66 ,89.03 ,1303.00 
6/9/2014,89.05 ,89.12 ,88.99 ,89.11 ,4728.00 
6/10/2014,89.06 ,89.41 ,89.00 ,89.24 ,12920.00 
6/11/2014,88.75 ,89.10 ,88.41 ,88.52 ,27562.00 
6/12/2014,88.66 ,88.75 ,88.54 ,88.63 ,1193.00 
6/13/2014,88.14 ,88.22 ,87.60 ,88.21 ,27183.00 
6/16/2014,88.11 ,88.32 ,87.94 ,88.32 ,3509.00 
6/17/2014,88.66 ,88.69 ,87.99 ,88.37 ,5917.00 
6/18/2014,88.50 ,88.61 ,88.45 ,88.48 ,6446.00 
6/19/2014,88.98 ,89.27 ,88.98 ,89.23 ,12480.00 
6/20/2014,89.15 ,89.41 ,89.09 ,89.26 ,1312.00 
6/23/2014,89.06 ,89.06 ,87.87 ,88.60 ,11874.00 
6/24/2014,88.45 ,88.53 ,88.25 ,88.53 ,2471.00 
6/25/2014,87.98 ,88.35 ,87.68 ,88.09 ,11675.00 
6/26/2014,88.12 ,88.16 ,87.10 ,87.25 ,3209.00 
6/27/2014,87.35 ,87.56 ,87.35 ,87.53 ,1774.00 
6/30/2014,87.56 ,88.09 ,87.52 ,87.70 ,7382.00 
7/1/2014,87.74 ,88.15 ,87.74 ,88.15 ,644.00 
7/2/2014,88.52 ,88.52 ,88.18 ,88.23 ,1478.00 
7/3/2014,88.66 ,89.27 ,88.58 ,89.27 ,1894.00 
7/4/2014,89.34 ,89.34 ,89.19 ,89.19 ,516.00 
7/7/2014,88.95 ,89.10 ,88.25 ,88.41 ,5603.00 
7/8/2014,88.25 ,88.25 ,87.45 ,87.45 ,5747.00 
7/9/2014,87.12 ,87.41 ,86.91 ,87.41 ,4960.00 
7/10/2014,87.19 ,87.28 ,85.79 ,86.22 ,7316.00 
7/11/2014,86.30 ,86.30 ,85.80 ,85.86 ,3564.00 
7/14/2014,86.84 ,87.22 ,86.81 ,87.22 ,1188.00 
7/15/2014,87.00 ,87.11 ,86.56 ,86.63 ,2642.00 
7/16/2014,87.09 ,87.80 ,87.09 ,87.78 ,3107.00 
7/17/2014,87.63 ,87.74 ,87.00 ,87.00 ,2478.00 
7/18/2014,86.27 ,86.45 ,86.27 ,86.45 ,161.00 
7/21/2014,86.50 ,86.53 ,85.50 ,85.50 ,1419.00 
7/22/2014,85.93 ,86.67 ,85.93 ,86.67 ,3303.00 
7/23/2014,86.98 ,87.27 ,86.92 ,86.95 ,5931.00 
7/24/2014,86.72 ,87.36 ,86.72 ,87.08 ,1595.00 
7/25/2014,87.00 ,87.19 ,86.01 ,86.10 ,3794.00 
7/28/2014,86.10 ,86.10 ,84.82 ,85.11 ,545.00 
7/29/2014,85.78 ,86.23 ,85.36 ,85.72 ,3839.00 
7/30/2014,85.92 ,86.32 ,85.62 ,85.62 ,307.00 
7/31/2014,85.01 ,85.01 ,83.77 ,83.77 ,3758.00 
8/1/2014,83.60 ,83.60 ,81.68 ,81.98 ,27308.00 
8/4/2014,81.00 ,82.23 ,81.00 ,81.61 ,4142.00 
8/5/2014,82.05 ,82.25 ,81.60 ,81.99 ,6218.00 
8/6/2014,81.00 ,81.30 ,80.50 ,80.99 ,4635.00 
8/7/2014,80.86 ,81.79 ,80.63 ,80.64 ,13104.00 
8/8/2014,79.32 ,80.88 ,78.21 ,80.32 ,18633.00 
8/11/2014,81.08 ,81.74 ,80.73 ,81.74 ,5808.00 
8/12/2014,81.71 ,81.71 ,80.69 ,80.69 ,4225.00 
8/13/2014,81.38 ,82.04 ,81.38 ,81.95 ,11597.00 
8/14/2014,81.71 ,82.43 ,81.54 ,82.34 ,5458.00 
8/18/2014,82.15 ,82.42 ,82.05 ,82.35 ,22464.00 
8/19/2014,82.88 ,83.22 ,82.88 ,83.22 ,1463.00 
8/20/2014,83.11 ,83.11 ,82.40 ,82.50 ,8083.00 
8/21/2014,83.09 ,83.64 ,83.09 ,83.64 ,21659.00 
8/22/2014,83.65 ,83.65 ,82.77 ,82.90 ,25362.00 
8/25/2014,84.09 ,84.63 ,84.09 ,84.58 ,9142.00 
8/26/2014,86.22 ,88.37 ,84.08 ,85.46 ,7754.00 
8/27/2014,85.28 ,85.50 ,84.97 ,85.30 ,85898.00 
8/28/2014,84.78 ,85.05 ,84.00 ,84.16 ,6271.00 
8/29/2014,84.48 ,84.95 ,83.35 ,83.94 ,9963.00 
9/1/2014,84.31 ,84.60 ,83.98 ,84.15 ,4627.00 
9/2/2014,85.12 ,85.29 ,84.82 ,84.83 ,4031.00 
9/3/2014,86.32 ,86.32 ,85.02 ,85.89 ,57214.00 
9/4/2014,85.52 ,86.79 ,85.16 ,86.64 ,31950.00 
9/5/2014,86.71 ,87.24 ,86.34 ,86.94 ,29987.00 
9/8/2014,86.41 ,86.95 ,86.41 ,86.70 ,778.00 
9/9/2014,87.12 ,87.17 ,86.20 ,86.57 ,9957.00 
9/10/2014,86.02 ,86.57 ,85.65 ,86.12 ,6117.00 
9/11/2014,86.51 ,86.72 ,85.82 ,85.87 ,10161.00 
9/12/2014,86.77 ,86.78 ,85.88 ,85.88 ,8332.00 
9/15/2014,86.00 ,86.20 ,85.93 ,86.02 ,5692.00 
9/16/2014,85.65 ,85.80 ,85.42 ,85.60 ,5075.00 
9/17/2014,86.05 ,86.25 ,86.05 ,86.20 ,1198.00 
9/18/2014,86.78 ,87.18 ,86.78 ,87.18 ,908.00 
9/19/2014,87.50 ,88.11 ,87.48 ,87.56 ,3510.00 
9/22/2014,86.95 ,87.32 ,86.85 ,86.85 ,1418.00 
9/23/2014,86.69 ,86.69 ,85.47 ,85.77 ,4205.00 
9/24/2014,85.50 ,86.08 ,84.94 ,86.08 ,11217.00 
9/25/2014,86.35 ,86.58 ,84.81 ,84.87 ,28504.00 
9/26/2014,84.32 ,84.72 ,84.21 ,84.64 ,955.00 
9/29/2014,85.41 ,85.41 ,83.49 ,84.00 ,1102.00 
9/30/2014,83.95 ,84.49 ,83.95 ,84.49 ,1736.00 
10/1/2014,84.35 ,84.63 ,83.61 ,83.72 ,4437.00 
10/2/2014,83.18 ,83.40 ,82.14 ,82.14 ,2702.00 
10/3/2014,82.55 ,82.92 ,82.00 ,82.92 ,29804.00 
10/6/2014,83.25 ,83.25 ,82.00 ,82.00 ,1740.00 
10/7/2014,81.58 ,81.58 ,81.00 ,81.35 ,17623.00 
10/8/2014,80.31 ,80.63 ,80.00 ,80.00 ,6171.00 
10/9/2014,80.75 ,81.22 ,80.20 ,80.31 ,4171.00 
10/10/2014,79.50 ,79.76 ,78.45 ,78.48 ,12844.00 
10/13/2014,78.40 ,78.83 ,77.50 ,78.31 ,2742.00 
10/14/2014,77.97 ,78.64 ,77.84 ,78.38 ,2533.00 
10/15/2014,78.50 ,78.78 ,76.70 ,76.79 ,3567.00 
10/16/2014,76.73 ,77.00 ,74.63 ,76.75 ,13181.00 
10/17/2014,76.97 ,78.24 ,76.63 ,78.17 ,6622.00 
10/20/2014,78.66 ,78.74 ,77.52 ,77.68 ,22689.00 
10/21/2014,77.52 ,79.15 ,77.10 ,79.10 ,2267.00 
10/22/2014,79.65 ,79.69 ,79.00 ,79.69 ,4802.00 
10/23/2014,78.80 ,80.68 ,78.80 ,80.68 ,7146.00 
10/24/2014,80.19 ,80.55 ,79.90 ,80.22 ,3418.00 
10/27/2014,80.84 ,80.99 ,78.91 ,79.32 ,1379.00 
10/28/2014,80.33 ,80.85 ,80.25 ,80.62 ,7992.00 
10/29/2014,81.00 ,81.50 ,80.82 ,80.82 ,17653.00 
10/30/2014,81.35 ,81.35 ,79.48 ,81.02 ,424.00 
10/31/2014,82.20 ,83.15 ,82.20 ,82.87 ,7046.00 
11/3/2014,82.97 ,83.01 ,82.30 ,82.43 ,8497.00 
11/4/2014,82.47 ,82.90 ,81.54 ,81.60 ,35774.00 
11/5/2014,82.56 ,82.96 ,82.56 ,82.90 ,1671.00 
11/6/2014,83.03 ,84.22 ,82.70 ,83.46 ,1893.00 
11/7/2014,83.70 ,83.70 ,82.58 ,82.68 ,2871.00 
11/10/2014,84.00 ,84.00 ,82.31 ,82.88 ,4148.00 
11/11/2014,83.48 ,83.80 ,83.23 ,83.25 ,1414.00 
11/12/2014,83.25 ,83.25 ,81.80 ,81.80 ,2000.00 
11/13/2014,82.33 ,82.87 ,82.22 ,82.46 ,3806.00 
11/14/2014,82.53 ,82.53 ,81.88 ,82.25 ,780.00 
11/17/2014,82.29 ,83.00 ,81.99 ,82.74 ,1699.00 
11/18/2014,83.20 ,84.22 ,83.14 ,84.22 ,23598.00 
11/19/2014,84.39 ,84.79 ,84.06 ,84.14 ,3698.00 
11/20/2014,84.14 ,84.35 ,83.56 ,84.16 ,2700.00 
11/21/2014,84.71 ,86.60 ,84.71 ,86.60 ,3304.00 
11/24/2014,87.04 ,87.40 ,86.50 ,87.10 ,5996.00 
11/25/2014,87.27 ,88.24 ,87.22 ,87.68 ,95744.00 
11/26/2014,88.30 ,88.46 ,87.98 ,88.17 ,3353.00 
11/27/2014,88.39 ,88.94 ,88.35 ,88.85 ,7474.00 
11/28/2014,88.79 ,88.80 ,87.99 ,88.59 ,2852.00 
12/1/2014,88.12 ,88.77 ,88.11 ,88.60 ,4578.00 
12/2/2014,88.80 ,89.17 ,88.30 ,88.30 ,5569.00 
12/3/2014,88.77 ,88.98 ,88.52 ,88.98 ,5870.00 
12/4/2014,89.08 ,89.60 ,87.59 ,87.65 ,10380.00 
12/5/2014,88.37 ,89.76 ,88.37 ,89.76 ,6613.00 
12/8/2014,89.75 ,89.75 ,89.40 ,89.55 ,1977.00 
12/9/2014,88.21 ,88.44 ,87.21 ,87.38 ,3013.00 
12/10/2014,87.85 ,88.01 ,87.19 ,87.19 ,2363.00 
12/11/2014,87.19 ,87.90 ,87.19 ,87.90 ,1213.00 
12/12/2014,86.50 ,86.79 ,85.61 ,85.61 ,670.00 
12/15/2014,85.38 ,86.10 ,83.56 ,83.56 ,5339.00 
12/16/2014,83.43 ,84.63 ,82.25 ,84.63 ,7146.00 
12/17/2014,84.24 ,85.27 ,84.17 ,85.20 ,3571.00 
12/18/2014,86.40 ,87.40 ,86.40 ,87.10 ,6558.00 
12/19/2014,87.25 ,87.90 ,86.39 ,87.03 ,1836.00 
12/22/2014,87.77 ,88.49 ,87.65 ,87.81 ,7067.00 
12/23/2014,88.00 ,88.29 ,87.86 ,88.29 ,2534.00 
12/29/2014,88.06 ,88.23 ,87.07 ,88.23 ,7833.00 
12/30/2014,87.90 ,87.90 ,87.21 ,87.34 ,341.00 
1/5/2015,86.44 ,86.90 ,84.49 ,84.49 ,1209.00 
1/6/2015,84.42 ,84.78 ,83.78 ,84.78 ,3273.00 
1/7/2015,84.46 ,85.34 ,84.46 ,85.05 ,3900.00 
1/8/2015,85.87 ,87.60 ,85.75 ,87.60 ,4415.00 
1/9/2015,87.36 ,87.72 ,85.55 ,85.64 ,5185.00 
1/12/2015,86.43 ,87.23 ,86.18 ,86.97 ,2051.00 
1/13/2015,87.00 ,88.81 ,87.00 ,88.57 ,11571.00 
1/14/2015,87.51 ,88.51 ,87.19 ,88.05 ,3041.00 
1/15/2015,88.54 ,89.47 ,86.80 ,89.25 ,4437.00 
1/16/2015,88.89 ,90.79 ,88.84 ,90.79 ,5188.00 
1/19/2015,91.15 ,91.58 ,90.75 ,90.79 ,9175.00 
1/20/2015,91.46 ,91.63 ,91.03 ,91.03 ,5232.00 
1/21/2015,91.27 ,91.75 ,90.51 ,91.60 ,6774.00 
1/22/2015,91.57 ,92.95 ,91.30 ,92.70 ,5706.00 
1/23/2015,93.30 ,95.02 ,93.30 ,94.75 ,6565.00 
1/26/2015,94.73 ,96.24 ,94.33 ,96.24 ,20576.00 
1/27/2015,96.07 ,96.38 ,94.24 ,94.65 ,8277.00 
1/28/2015,95.50 ,95.50 ,94.19 ,95.02 ,10322.00 
1/29/2015,94.94 ,95.66 ,94.53 ,95.46 ,30833.00 
1/30/2015,96.24 ,96.24 ,95.14 ,95.14 ,1423.00 
2/2/2015,95.44 ,95.96 ,95.09 ,95.46 ,9517.00 
2/3/2015,97.04 ,97.79 ,96.88 ,97.11 ,44821.00 
2/4/2015,96.92 ,97.00 ,96.39 ,96.91 ,7363.00 
2/5/2015,97.19 ,97.28 ,96.38 ,97.06 ,12768.00 
2/6/2015,96.54 ,96.79 ,96.20 ,96.50 ,6541.00 
2/9/2015,95.90 ,95.90 ,94.55 ,95.03 ,13372.00 
2/10/2015,95.11 ,96.01 ,94.65 ,95.60 ,4206.00 
2/11/2015,96.05 ,96.05 ,95.19 ,95.79 ,4864.00 
2/12/2015,96.40 ,97.53 ,96.40 ,97.11 ,12535.00 
2/13/2015,94.65 ,98.05 ,94.65 ,97.64 ,4761.00 
2/16/2015,97.55 ,97.55 ,97.12 ,97.20 ,6002.00 
2/17/2015,96.16 ,97.08 ,96.01 ,96.79 ,4557.00 
2/18/2015,97.17 ,97.75 ,97.17 ,97.51 ,2602.00 
2/19/2015,97.37 ,98.05 ,96.90 ,97.96 ,2178.00 
2/20/2015,97.81 ,98.92 ,97.61 ,98.27 ,5310.00 
2/23/2015,99.01 ,99.12 ,98.60 ,98.96 ,7015.00 
2/24/2015,99.13 ,99.92 ,98.90 ,99.92 ,5649.00 
2/25/2015,99.82 ,99.82 ,99.43 ,99.53 ,2162.00 
2/26/2015,99.94 ,100.52 ,99.94 ,100.52 ,2089.00 
2/27/2015,100.80 ,101.37 ,100.67 ,101.37 ,6178.00 
3/2/2015,101.53 ,102.00 ,101.18 ,101.59 ,3174.00 
3/3/2015,101.72 ,102.00 ,100.69 ,100.72 ,2755.00 
3/4/2015,100.85 ,100.85 ,99.88 ,100.80 ,7066.00 
3/5/2015,101.57 ,102.60 ,101.57 ,102.39 ,8014.00 
3/6/2015,102.56 ,103.26 ,102.39 ,102.87 ,9105.00 
3/9/2015,102.45 ,103.16 ,102.09 ,103.09 ,4495.00 
3/10/2015,102.82 ,102.82 ,101.37 ,102.53 ,6870.00 
3/11/2015,103.00 ,105.15 ,103.00 ,105.12 ,12971.00 
3/12/2015,105.00 ,105.38 ,104.65 ,104.96 ,10241.00 
3/13/2015,105.29 ,105.82 ,104.60 ,105.82 ,11280.00 
3/16/2015,106.42 ,108.61 ,106.42 ,108.48 ,9076.00 
3/17/2015,108.44 ,108.44 ,106.14 ,106.81 ,12767.00 
3/18/2015,106.89 ,109.15 ,105.40 ,105.87 ,12539.00 
3/19/2015,105.88 ,106.35 ,104.92 ,106.08 ,4139.00 
3/20/2015,106.38 ,107.49 ,106.32 ,107.48 ,5352.00 
3/23/2015,107.50 ,107.50 ,105.58 ,105.82 ,11891.00 
3/24/2015,105.50 ,107.04 ,105.42 ,106.97 ,3462.00 
3/25/2015,106.75 ,106.95 ,105.56 ,105.75 ,3721.00 
3/26/2015,105.01 ,105.17 ,103.52 ,105.08 ,16060.00 
3/27/2015,106.28 ,106.28 ,105.23 ,105.55 ,41788.00 
3/30/2015,105.87 ,107.51 ,105.87 ,107.51 ,7458.00 
3/31/2015,107.37 ,107.79 ,106.34 ,106.79 ,3033.00 
4/1/2015,106.03 ,107.65 ,106.00 ,106.75 ,6642.00 
4/2/2015,106.46 ,106.78 ,106.46 ,106.55 ,3038.00 
4/7/2015,107.43 ,108.03 ,107.33 ,107.59 ,8994.00 
4/8/2015,107.69 ,107.80 ,107.00 ,107.15 ,2874.00 
4/9/2015,107.59 ,108.00 ,107.54 ,107.94 ,2788.00 
4/10/2015,108.82 ,110.21 ,108.71 ,110.08 ,85270.00 
4/13/2015,110.10 ,110.23 ,109.81 ,109.94 ,9706.00 
4/14/2015,109.61 ,109.81 ,108.58 ,108.85 ,3229.00 
4/15/2015,109.21 ,109.66 ,108.85 ,108.87 ,3419.00 
4/16/2015,109.00 ,109.00 ,106.90 ,107.05 ,11145.00 
4/17/2015,106.73 ,106.84 ,103.98 ,103.98 ,38847.00 
4/20/2015,102.48 ,105.92 ,102.48 ,105.65 ,3284.00 
4/21/2015,106.00 ,107.45 ,106.00 ,106.41 ,9218.00 
4/22/2015,106.76 ,106.76 ,105.05 ,105.78 ,9467.00 
4/23/2015,105.63 ,105.63 ,104.00 ,104.26 ,5975.00 
4/24/2015,104.73 ,105.50 ,104.47 ,105.00 ,6666.00 
4/27/2015,105.50 ,107.13 ,104.70 ,106.71 ,16148.00 
4/28/2015,107.05 ,107.09 ,104.44 ,105.38 ,3582.00 
4/29/2015,105.00 ,105.42 ,101.56 ,102.24 ,7739.00 
4/30/2015,102.30 ,103.15 ,100.16 ,102.00 ,6149.00 
5/4/2015,103.00 ,103.00 ,101.35 ,102.70 ,11157.00 
5/5/2015,102.58 ,103.54 ,100.30 ,100.30 ,27734.00 
5/6/2015,100.40 ,101.82 ,99.65 ,100.37 ,24726.00 
5/7/2015,101.00 ,101.00 ,98.66 ,100.94 ,12715.00 
5/8/2015,101.60 ,103.45 ,101.17 ,103.42 ,9561.00 
5/11/2015,103.43 ,103.43 ,102.99 ,103.28 ,3295.00 
5/12/2015,102.30 ,102.30 ,99.76 ,101.80 ,4437.00 
5/13/2015,101.65 ,102.39 ,100.01 ,100.21 ,2340.00 
5/14/2015,100.37 ,102.30 ,100.18 ,102.30 ,10252.00 
5/15/2015,102.50 ,102.88 ,100.93 ,100.93 ,803.00 
5/18/2015,102.32 ,102.32 ,100.94 ,101.95 ,1952.00 
5/19/2015,103.28 ,104.86 ,103.27 ,104.85 ,7455.00 
5/20/2015,104.99 ,105.41 ,104.21 ,104.94 ,3030.00 
5/21/2015,104.40 ,104.93 ,104.13 ,104.93 ,1453.00 
5/22/2015,105.00 ,105.98 ,104.47 ,104.47 ,10896.00 
5/25/2015,104.44 ,104.44 ,103.00 ,103.80 ,4235.00 
5/26/2015,104.79 ,105.14 ,102.82 ,102.82 ,13926.00 
5/27/2015,103.26 ,104.30 ,102.85 ,104.16 ,33673.00 
5/28/2015,103.42 ,104.08 ,102.66 ,102.66 ,1706.00 
5/29/2015,102.66 ,103.05 ,100.95 ,100.95 ,1445.00 
6/1/2015,101.40 ,101.55 ,100.50 ,101.09 ,4620.00 
6/2/2015,100.69 ,100.69 ,99.80 ,100.36 ,5185.00 
6/3/2015,100.43 ,101.32 ,100.43 ,101.25 ,5384.00 
6/4/2015,100.16 ,101.15 ,99.10 ,101.10 ,1693.00 
6/5/2015,99.50 ,99.65 ,98.88 ,99.01 ,15204.00 
6/8/2015,98.75 ,99.12 ,97.86 ,98.12 ,14356.00 
6/9/2015,97.70 ,97.78 ,96.43 ,97.27 ,3204.00 
6/10/2015,96.92 ,99.68 ,96.92 ,99.68 ,44979.00 
6/11/2015,99.48 ,101.19 ,99.48 ,100.31 ,2278.00 
6/12/2015,99.77 ,100.14 ,97.81 ,98.12 ,6747.00 
6/15/2015,97.57 ,97.92 ,96.57 ,97.48 ,6654.00 
6/16/2015,95.93 ,97.50 ,95.72 ,97.50 ,19157.00 
6/17/2015,98.01 ,98.01 ,96.85 ,97.36 ,5222.00 
6/18/2015,95.90 ,97.97 ,95.57 ,97.97 ,3629.00 
6/19/2015,98.80 ,99.44 ,97.51 ,97.81 ,9754.00 
6/22/2015,99.99 ,101.44 ,99.76 ,101.44 ,14062.00 
6/23/2015,102.24 ,102.82 ,101.98 ,102.07 ,8774.00 
6/24/2015,102.32 ,102.32 ,100.72 ,101.43 ,6728.00 
6/25/2015,101.88 ,102.38 ,100.45 ,101.16 ,23922.00 
6/26/2015,100.75 ,102.04 ,100.75 ,101.73 ,5284.00 
6/29/2015,99.09 ,99.73 ,98.00 ,98.14 ,9626.00 
6/30/2015,97.69 ,98.34 ,96.54 ,97.28 ,13086.00 
7/1/2015,97.70 ,99.51 ,97.38 ,98.80 ,9052.00 
7/2/2015,99.16 ,99.16 ,98.34 ,98.34 ,1083.00 
7/3/2015,98.22 ,98.22 ,97.35 ,97.35 ,5055.00 
7/6/2015,96.06 ,97.07 ,95.98 ,96.15 ,9047.00 
7/7/2015,96.50 ,96.55 ,94.38 ,94.75 ,28720.00 
7/8/2015,94.73 ,95.38 ,94.20 ,95.24 ,6095.00 
7/9/2015,95.69 ,97.49 ,95.67 ,97.49 ,5271.00 
7/10/2015,98.00 ,100.05 ,98.00 ,100.04 ,22548.00 
7/13/2015,101.44 ,101.68 ,100.96 ,101.50 ,5028.00 
7/14/2015,101.37 ,101.64 ,100.89 ,101.62 ,4241.00 
7/15/2015,101.90 ,102.15 ,101.62 ,102.15 ,8068.00 
7/16/2015,102.99 ,104.12 ,102.68 ,103.60 ,33839.00 
7/17/2015,103.80 ,103.80 ,103.00 ,103.07 ,1432.00 
7/20/2015,104.00 ,104.29 ,103.76 ,103.88 ,4766.00 
7/21/2015,103.60 ,103.88 ,102.45 ,102.54 ,19840.00 
7/22/2015,101.97 ,102.46 ,101.57 ,101.81 ,6685.00 
7/23/2015,102.16 ,102.16 ,101.40 ,102.02 ,376.00 
7/24/2015,101.31 ,102.02 ,100.21 ,100.38 ,21016.00 
7/27/2015,100.01 ,100.01 ,97.75 ,97.91 ,12878.00 
7/28/2015,98.17 ,99.20 ,98.09 ,98.20 ,3396.00 
7/29/2015,99.28 ,99.34 ,98.42 ,99.14 ,4709.00 
7/30/2015,99.81 ,99.81 ,98.55 ,99.07 ,3387.00 
7/31/2015,99.58 ,99.58 ,99.00 ,99.33 ,618.00 
8/3/2015,99.99 ,101.20 ,99.50 ,100.92 ,3564.00 
8/4/2015,100.92 ,101.29 ,100.80 ,101.16 ,14418.00 
8/5/2015,102.37 ,102.99 ,102.37 ,102.87 ,2172.00 
8/6/2015,102.68 ,103.11 ,102.52 ,102.59 ,979.00 
8/7/2015,101.99 ,102.28 ,101.95 ,102.08 ,829.00 
8/10/2015,101.16 ,102.56 ,101.16 ,102.56 ,9584.00 
8/11/2015,101.80 ,101.84 ,99.80 ,100.05 ,17061.00 
8/12/2015,99.33 ,99.33 ,96.41 ,96.55 ,18672.00 
8/13/2015,98.13 ,98.40 ,97.43 ,97.50 ,1962.00 
8/14/2015,97.50 ,97.85 ,96.78 ,97.21 ,733.00 
8/17/2015,97.00 ,97.76 ,95.91 ,96.17 ,5001.00 
8/18/2015,96.97 ,97.00 ,96.41 ,96.41 ,15316.00 
8/19/2015,96.15 ,96.15 ,94.43 ,94.51 ,1421.00 
8/20/2015,93.82 ,94.66 ,91.98 ,92.25 ,5225.00 
8/21/2015,91.00 ,92.27 ,89.70 ,89.70 ,6191.00 
8/24/2015,88.00 ,88.00 ,83.57 ,84.02 ,28268.00 
8/25/2015,86.48 ,89.41 ,86.40 ,89.32 ,25018.00 
8/26/2015,88.40 ,89.65 ,87.54 ,88.26 ,16623.00 
8/27/2015,90.74 ,91.50 ,90.50 ,91.42 ,5887.00 
8/28/2015,91.35 ,91.50 ,90.19 ,90.52 ,1535.00 
8/31/2015,90.38 ,90.72 ,90.09 ,90.25 ,666.00 
9/1/2015,89.80 ,89.80 ,87.75 ,87.94 ,1422.00 
9/2/2015,88.90 ,89.47 ,88.45 ,89.16 ,16598.00 
9/3/2015,89.90 ,91.73 ,89.72 ,91.73 ,4390.00 
9/4/2015,90.13 ,90.13 ,88.55 ,88.55 ,1708.00 
9/7/2015,89.74 ,89.97 ,89.13 ,89.28 ,1046.00 
9/8/2015,90.16 ,91.49 ,90.16 ,91.07 ,6132.00 
9/9/2015,92.66 ,92.66 ,91.87 ,91.87 ,5058.00 
9/10/2015,90.34 ,90.85 ,90.00 ,90.76 ,4220.00 
9/11/2015,90.57 ,90.57 ,89.39 ,89.70 ,1516.00 
9/14/2015,89.38 ,90.09 ,89.38 ,90.09 ,1494.00 
9/15/2015,89.34 ,90.51 ,89.34 ,90.30 ,18418.00 
9/16/2015,91.17 ,91.17 ,90.00 ,90.32 ,5335.00 
9/17/2015,90.51 ,90.76 ,90.51 ,90.52 ,987.00 
9/18/2015,90.00 ,90.00 ,87.30 ,87.76 ,4267.00 
9/21/2015,87.00 ,88.18 ,86.83 ,88.18 ,2675.00 
9/22/2015,87.95 ,87.95 ,84.64 ,84.64 ,7145.00 
9/23/2015,84.69 ,85.68 ,84.39 ,85.57 ,8073.00 
9/24/2015,85.37 ,85.37 ,82.80 ,83.26 ,14179.00 
9/25/2015,85.04 ,85.92 ,85.04 ,85.46 ,1554.00 
9/28/2015,85.50 ,85.50 ,83.90 ,84.16 ,1068.00 
9/29/2015,83.50 ,84.07 ,82.50 ,83.82 ,1474.00 
9/30/2015,85.51 ,86.00 ,84.95 ,85.53 ,3438.00 
10/1/2015,86.00 ,86.00 ,84.04 ,84.04 ,2728.00 
10/2/2015,84.58 ,85.42 ,83.46 ,84.34 ,3979.00 
10/5/2015,86.09 ,86.46 ,86.04 ,86.46 ,1329.00 
10/6/2015,86.50 ,87.91 ,86.39 ,87.86 ,1159.00 
10/7/2015,88.28 ,89.05 ,88.00 ,88.27 ,3268.00 
10/8/2015,87.80 ,88.49 ,87.42 ,88.19 ,1474.00 
10/9/2015,88.98 ,89.41 ,88.94 ,89.01 ,2194.00 
10/12/2015,89.70 ,89.86 ,89.08 ,89.08 ,469.00 
10/13/2015,89.34 ,89.34 ,87.95 ,88.74 ,7179.00 
10/14/2015,87.70 ,88.53 ,87.53 ,88.41 ,20960.00 
10/15/2015,88.47 ,89.06 ,88.47 ,88.92 ,2507.00 
10/16/2015,89.64 ,89.64 ,88.96 ,89.30 ,1241.00 
10/19/2015,89.50 ,90.07 ,89.50 ,89.77 ,809.00 
10/20/2015,89.32 ,89.77 ,89.27 ,89.77 ,4788.00 
10/21/2015,90.28 ,90.67 ,90.23 ,90.39 ,3838.00 
10/22/2015,90.61 ,92.80 ,90.57 ,92.80 ,2190.00 
10/23/2015,93.75 ,95.68 ,93.69 ,95.27 ,4608.00 
10/26/2015,95.42 ,96.04 ,95.18 ,95.31 ,19329.00 
10/27/2015,95.32 ,95.45 ,94.60 ,94.60 ,3083.00 
10/28/2015,94.65 ,95.73 ,94.65 ,95.59 ,3748.00 
10/29/2015,96.01 ,96.15 ,95.23 ,95.23 ,3264.00 
10/30/2015,95.67 ,95.76 ,95.05 ,95.46 ,758.00 
11/2/2015,97.21 ,97.21 ,95.33 ,96.90 ,7377.00 
11/3/2015,96.81 ,96.84 ,96.39 ,96.67 ,2336.00 
11/4/2015,96.70 ,97.00 ,95.77 ,96.02 ,3604.00 
11/5/2015,96.02 ,96.68 ,95.39 ,95.89 ,2915.00 
11/6/2015,96.15 ,97.56 ,95.95 ,97.31 ,14242.00 
11/9/2015,97.00 ,97.06 ,95.86 ,95.86 ,1775.00 
11/10/2015,95.78 ,95.80 ,95.40 ,95.72 ,1897.00 
11/11/2015,95.71 ,97.12 ,95.71 ,96.38 ,3010.00 
11/12/2015,95.77 ,96.70 ,94.83 ,95.40 ,6446.00 
11/13/2015,95.04 ,95.31 ,94.15 ,94.31 ,19219.00 
11/16/2015,93.63 ,95.00 ,93.63 ,94.56 ,18830.00 
11/17/2015,95.42 ,96.73 ,95.42 ,96.54 ,4606.00 
11/18/2015,96.25 ,96.69 ,96.25 ,96.64 ,726.00 
11/19/2015,97.88 ,98.50 ,97.74 ,97.88 ,2788.00 
11/20/2015,98.17 ,98.45 ,97.87 ,98.27 ,808.00 
11/23/2015,97.97 ,98.27 ,97.79 ,98.27 ,9267.00 
11/24/2015,96.80 ,97.18 ,96.18 ,96.63 ,1374.00 
11/25/2015,96.55 ,98.72 ,96.55 ,98.59 ,5296.00 
11/26/2015,98.86 ,100.24 ,98.86 ,100.00 ,15665.00 
11/27/2015,99.63 ,100.16 ,99.63 ,99.67 ,1525.00 
11/30/2015,99.83 ,100.85 ,99.83 ,100.53 ,2836.00 
12/1/2015,100.99 ,101.00 ,99.44 ,99.63 ,1977.00 
12/2/2015,99.86 ,99.95 ,99.00 ,99.00 ,2151.00 
12/3/2015,98.65 ,99.89 ,95.29 ,95.29 ,5543.00 
12/4/2015,94.50 ,95.39 ,93.74 ,95.37 ,6732.00 
12/7/2015,95.69 ,97.15 ,95.50 ,96.48 ,3423.00 
12/8/2015,95.02 ,95.02 ,93.83 ,94.77 ,846.00 
12/9/2015,94.48 ,94.54 ,93.48 ,94.38 ,1017.00 
12/10/2015,93.32 ,93.86 ,93.01 ,93.76 ,2066.00 
12/11/2015,93.40 ,93.52 ,91.17 ,91.36 ,3650.00 
12/14/2015,91.81 ,91.81 ,89.90 ,89.90 ,1577.00 
12/15/2015,91.09 ,92.61 ,91.08 ,92.29 ,16613.00 
12/16/2015,92.76 ,93.37 ,92.61 ,92.76 ,5828.00 
12/18/2015,94.06 ,94.35 ,93.31 ,93.95 ,1361.00 
12/21/2015,94.00 ,94.88 ,92.81 ,92.81 ,1890.00 
12/22/2015,93.16 ,93.25 ,91.93 ,92.37 ,1127.00 
12/23/2015,93.85 ,94.90 ,93.85 ,94.69 ,1009.00 
12/28/2015,95.99 ,95.99 ,93.90 ,94.20 ,1573.00 
12/29/2015,95.13 ,95.70 ,95.13 ,95.55 ,3815.00 
12/30/2015,95.69 ,95.69 ,94.73 ,94.87 ,325.00 
