Date,Price,High,Low,Close,Vol
1/2/13,8337.900391,8447.599609,8286.700195,8447.599609,280533400
1/3/13,8375,8422.599609,8334.299805,8403.400391,182282600
1/4/13,8411.700195,8447,8386.700195,8435.799805,230118600
1/7/13,8434.299805,8485.599609,8406.299805,8419,289121800
1/8/13,8388.200195,8493.5,8374.700195,8453,335514800
1/9/13,8491.799805,8614.200195,8485.400391,8606.400391,445024000
1/10/13,8607.299805,8649.299805,8548.400391,8618.900391,493389400
1/11/13,8638,8677.400391,8580,8664.700195,252442200
1/14/13,8699.200195,8721.099609,8601.299805,8632.099609,250463600
1/15/13,8549.599609,8607.5,8520.599609,8601,271883200
1/16/13,8588.900391,8604,8525.5,8581.099609,291650800
1/17/13,8568.400391,8664.900391,8565.900391,8628.900391,234678400
1/18/13,8662.299805,8679.799805,8600.700195,8604,305696200
1/21/13,8628.299805,8665.900391,8608.900391,8665.900391,194477600
1/22/13,8655,8675.400391,8588.5,8632.099609,223749600
1/23/13,8637.900391,8650.400391,8585.5,8613.299805,229704400
1/24/13,8597.200195,8673,8576.400391,8665.599609,199089000
1/25/13,8642.599609,8734.099609,8616.299805,8724.599609,180051600
1/28/13,8755.900391,8755.900391,8672.5,8672.5,170355600
1/29/13,8674.400391,8690.900391,8606.799805,8643,179377600
1/30/13,8647.099609,8689.200195,8556.099609,8571.900391,187322400
1/31/13,8542.5,8543.700195,8362.299805,8362.299805,306581000
2/1/13,8233.400391,8301.299805,8159.5,8229.700195,598095600
2/4/13,8225,8227.700195,7916.799805,7919.600098,395048000
2/5/13,7901.5,8126.799805,7895.5,8093.600098,340040400
2/6/13,8115.399902,8161,8013,8056.200195,323687200
2/7/13,8081.5,8160.100098,8005.600098,8014.600098,267892800
2/8/13,8025.399902,8183.299805,8008.700195,8174.899902,231593600
2/11/13,8181.5,8181.5,8056,8078.600098,176146200
2/12/13,8069,8240.799805,8045.100098,8234.700195,243712000
2/13/13,8257.700195,8343.400391,8211.900391,8306.200195,267526200
2/14/13,8272,8328.700195,8155.5,8247.400391,264982800
2/15/13,8237.299805,8251.200195,8150.200195,8150.200195,242670000
2/18/13,8110.899902,8145.399902,8037.299805,8108.899902,0
2/19/13,8090,8230.799805,8087,8225.299805,256625000
2/20/13,8235.099609,8274.400391,8146.899902,8163,174829600
2/21/13,8117.5,8117.600098,7982,8014.5,273812400
2/22/13,8059.299805,8179,8051.100098,8179,218057800
2/25/13,8232.700195,8400.099609,8135.200195,8244.5,329551400
2/26/13,7943.200195,8099.799805,7911.100098,7980.700195,407966800
2/27/13,8015.899902,8136.700195,7966.399902,8136.700195,290260000
2/28/13,8185.799805,8252.299805,8142.799805,8230.299805,351215800
3/1/13,8220.5,8285.799805,8105.200195,8187.100098,335826000
3/4/13,8135.100098,8271.700195,8129.200195,8246.299805,232940000
3/5/13,8325.400391,8429.5,8313.099609,8423.299805,255574000
3/6/13,8436.200195,8485,8356.299805,8358.900391,188364600
3/7/13,8393.400391,8454.700195,8379.900391,8389.099609,176284000
3/8/13,8444.099609,8638.299805,8439.799805,8628.099609,328120200
3/11/13,8605,8610.200195,8495.599609,8554.400391,174802200
3/12/13,8529,8598.099609,8506.700195,8532.299805,186354400
3/13/13,8502.700195,8516.700195,8434.900391,8498.299805,210766000
3/14/13,8532.799805,8670.400391,8529.599609,8657.900391,278296400
3/15/13,8645.200195,8649.900391,8544.5,8619.099609,417423800
3/18/13,8383.200195,8527.599609,8351.799805,8507.799805,265680000
3/19/13,8499.900391,8532.400391,8250.5,8321,356447000
3/20/13,8394.299805,8494.400391,8327,8416.299805,244362000
3/21/13,8412.599609,8447.799805,8260.799805,8351.200195,284508000
3/22/13,8321.799805,8395.099609,8258.900391,8329.5,238206400
3/25/13,8434.599609,8461.900391,8100.299805,8140.600098,363679400
3/26/13,8175.100098,8183.700195,7968.200195,7990.5,358732400
3/27/13,8038,8040.200195,7822.5,7900.399902,478772600
3/28/13,7892.899902,7972,7797.200195,7920,274669000
4/2/13,7917.600098,8059,7888.100098,8050.399902,281994600
4/3/13,8015.299805,8037.600098,7880.200195,7904.299805,247912000
4/4/13,7966.399902,8040.5,7821.700195,7847.899902,319341000
4/5/13,7880.399902,7935,7716.100098,7798.399902,274021600
4/8/13,7809.799805,7878.600098,7774.399902,7787.100098,196775000
4/9/13,7846.600098,7897.299805,7811.600098,7872.5,234157400
4/10/13,7917.600098,8179,7910.200195,8136.399902,425646200
4/11/13,8127.899902,8178.899902,8063.100098,8159.5,214751600
4/12/13,8084.899902,8103.399902,8011,8040.399902,231794200
4/15/13,8051.700195,8093.700195,7941.399902,8014.100098,233258200
4/16/13,7976.799805,8033.700195,7934.5,7948.700195,208225200
4/17/13,7984.700195,7992.399902,7743.600098,7803,308068600
4/18/13,7843.5,7923.899902,7764.200195,7812.5,245637600
4/19/13,7888,7955.799805,7851.100098,7915.5,290492000
4/22/13,7983.799805,8058.299805,7927.600098,8027.700195,184179200
4/23/13,8046.399902,8310.200195,8031.5,8289.299805,372071000
4/24/13,8300.200195,8412.400391,8287.5,8389.299805,329226800
4/25/13,8360,8388.799805,8270.200195,8365.099609,251465400
4/26/13,8323.400391,8329.700195,8251.5,8297,251945800
4/29/13,8324.700195,8463.900391,8324.700195,8450.900391,305490000
4/30/13,8488.799805,8524.200195,8397.799805,8419,263763800
5/2/13,8393.900391,8563.5,8286.599609,8406.400391,297681800
5/3/13,8445.700195,8566.099609,8410.299805,8544.799805,249998400
5/6/13,8551.200195,8553.799805,8472.599609,8503.799805,111252600
5/7/13,8541.900391,8589.400391,8500.099609,8544,245774800
5/8/13,8544,8614.5,8500,8597,263525000
5/9/13,8597.799805,8608,8536.400391,8572.700195,240239200
5/10/13,8583,8669.200195,8511.700195,8544.5,278400000
5/13/13,8554.200195,8574.599609,8405,8457.799805,227580600
5/14/13,8481.200195,8489.799805,8366.700195,8474.599609,259973000
5/15/13,8464.700195,8595.599609,8438.599609,8582.5,260686000
5/16/13,8569.900391,8589.700195,8521.900391,8542.299805,175163400
5/17/13,8528.099609,8590,8518.400391,8582.400391,333373600
5/20/13,8585.400391,8613.799805,8445.400391,8515.200195,192352800
5/21/13,8500.200195,8538,8398.200195,8464.5,216784400
5/22/13,8469.5,8505.5,8381.200195,8462.400391,246352400
5/23/13,8267.700195,8356.599609,8243.5,8343.599609,282410000
5/24/13,8388.799805,8394.599609,8216.5,8264.599609,189939000
5/27/13,8301.400391,8363.599609,8297.799805,8363.599609,101407000
5/28/13,8408.5,8583.599609,8398.200195,8511.299805,298979200
5/29/13,8466.200195,8495.799805,8424.200195,8441.700195,271570400
5/30/13,8404.400391,8487.099609,8395.200195,8433.5,237142600
5/31/13,8441.400391,8441.400391,8304.599609,8320.599609,306736400
6/3/13,8266.599609,8368.599609,8191.899902,8284.400391,231561400
6/4/13,8341.400391,8418.400391,8337.5,8363,204150400
6/5/13,8308.400391,8430,8283.299805,8290.700195,261977400
6/6/13,8308.599609,8418.299805,8216.700195,8216.700195,278270200
6/7/13,8229.200195,8308.700195,8165.100098,8266.599609,297871400
6/10/13,8270.799805,8321.700195,8184.600098,8227.400391,276422600
6/11/13,8179.600098,8182.5,7980.100098,8089.299805,392860200
6/12/13,8068,8245.299805,8054.5,8123.799805,276164800
6/13/13,8039.5,8098.100098,7958.600098,8071.700195,291659000
6/14/13,8101.799805,8140.600098,8053,8070.899902,243709200
6/17/13,8132.700195,8194.099609,8072.399902,8136.299805,221823400
6/18/13,8134.399902,8211,8099.299805,8180.200195,207778000
6/19/13,8178.700195,8182.100098,8079.100098,8098.299805,186335000
6/20/13,7973.5,8014,7786.899902,7822.100098,320728200
6/21/13,7859.700195,7877,7700.100098,7700.200195,448845600
6/24/13,7682.100098,7734.799805,7508.399902,7553.200195,273348600
6/25/13,7646,7674.600098,7581.299805,7607.700195,251344200
6/26/13,7636.600098,7848,7588.700195,7823,283593200
6/27/13,7826.700195,7879.600098,7709.899902,7844.399902,246997000
6/28/13,7872.5,7936.899902,7724.399902,7762.700195,235237600
7/1/13,7817,7946.100098,7745.5,7907.100098,217103200
7/2/13,7934.5,7934.5,7855.600098,7886.600098,247288200
7/3/13,7763.299805,7770.600098,7612.799805,7763.799805,276478400
7/4/13,7802.399902,8035.700195,7780.799805,8002,242192600
7/5/13,7994.600098,8030.600098,7847,7868.399902,221456600
7/8/13,7922,8068.100098,7895.200195,8017.600098,231503200
7/9/13,8058.100098,8111.5,7965.799805,8014.799805,188744800
7/10/13,7975.600098,8014.5,7896,7995,165098400
7/11/13,8083.200195,8086.600098,7980.5,8030.700195,175152800
7/12/13,8034.899902,8036.5,7800.799805,7844.700195,221675400
7/15/13,7832.399902,7918.899902,7782.600098,7855.100098,156704800
7/16/13,7868,7891.600098,7736.600098,7798.200195,189287800
7/17/13,7814,7858.100098,7702.700195,7812.700195,176349800
7/18/13,7789.600098,7964.700195,7781.5,7957.299805,192536000
7/19/13,7938.600098,7978.899902,7887.5,7943.200195,156177600
7/22/13,7954.899902,8016.899902,7917.100098,7966,140787400
7/23/13,8014.899902,8138,8011.899902,8073.700195,205390000
7/24/13,8120.200195,8199.099609,8095.200195,8192.5,253079800
7/25/13,8198.5,8287.299805,8152.299805,8282.099609,229578800
7/26/13,8307.799805,8395.900391,8303.200195,8353.599609,230054800
7/29/13,8374.599609,8411.799805,8349.099609,8376.099609,168772600
7/30/13,8402.5,8467.400391,8363.299805,8456.5,185393200
7/31/13,8440.700195,8480.099609,8375.900391,8433.400391,191524600
8/1/13,8466.299805,8543.400391,8431.700195,8540.200195,194874800
8/2/13,8564.799805,8578.299805,8489.5,8574,158458500
8/5/13,8585.099609,8617.299805,8549.599609,8560.799805,128491700
8/6/13,8567.200195,8613.099609,8469.900391,8529.5,151413900
8/7/13,8508.099609,8577.700195,8448,8574.099609,158511500
8/8/13,8587.5,8675.5,8581.099609,8671.799805,195763900
8/9/13,8685.299805,8765.700195,8628.200195,8735.5,204533100
8/12/13,8733.5,8770.200195,8692.799805,8717.700195,156533300
8/13/13,8737.599609,8778.799805,8695.5,8758.5,136741700
8/14/13,8763.400391,8789.299805,8706.799805,8789.299805,143327600
8/15/13,8777.099609,8796.700195,8633.900391,8737.599609,138968900
8/16/13,8739.299805,8828.099609,8710.400391,8821.299805,206850900
8/19/13,8807.799805,8818.799805,8641.099609,8657.099609,170388200
8/20/13,8613.200195,8613.200195,8422.599609,8502.400391,214205800
8/21/13,8526.299805,8558,8427,8461.799805,120911500
8/22/13,8485.200195,8671.099609,8476.200195,8629.700195,171806500
8/23/13,8655.400391,8712.400391,8575,8686.799805,128811400
8/26/13,8669.599609,8717,8590.400391,8649.900391,81286900
8/27/13,8596.5,8643.299805,8378.5,8394,208051600
8/28/13,8367.599609,8421.900391,8275.900391,8398.099609,192416400
8/29/13,8433.700195,8458.099609,8354,8432.099609,142640200
8/30/13,8406.200195,8424.299805,8290.5,8290.5,171995200
9/2/13,8370.200195,8476.200195,8369.799805,8429.599609,155566400
9/3/13,8438.5,8513.599609,8331.099609,8445.200195,142579800
9/4/13,8473.299805,8517.900391,8358.599609,8490.299805,159255300
9/5/13,8512.799805,8564.099609,8473,8550,213564800
9/6/13,8534.299805,8678.799805,8524,8655,219660800
9/9/13,8628.900391,8645.200195,8568.700195,8632.5,152835800
9/10/13,8698.099609,8813.900391,8678.299805,8801.599609,273337600
9/11/13,8789.5,8882.599609,8761.400391,8875.200195,255352000
9/12/13,8878.200195,8951.400391,8861.599609,8924.200195,261211500
9/13/13,8901.099609,8951.599609,8863.700195,8941.599609,188249600
9/16/13,9017.5,9056.299805,8960.299805,8999.5,197762200
9/17/13,8992.5,9005.5,8911.700195,8992,177115400
9/18/13,9019.400391,9072.400391,8995.5,9062.5,236025100
9/19/13,9193.099609,9198.700195,9096.099609,9153.700195,297735200
9/20/13,9121.900391,9171.799805,9118.400391,9171.799805,288147700
9/23/13,9163.799805,9187.799805,9057.5,9109.5,186866500
9/24/13,9109.700195,9171.700195,9076.400391,9167.599609,182432800
9/25/13,9154.700195,9249.5,9120.099609,9242.900391,205467800
9/26/13,9253.599609,9285.900391,9176.400391,9272.400391,238809000
9/27/13,9283.099609,9299.099609,9191.599609,9228.400391,237704000
9/30/13,9073.200195,9199.700195,9036.900391,9186.099609,204351100
10/1/13,9177.599609,9346.900391,9173.400391,9341.5,216831300
10/2/13,9315.700195,9378.200195,9272.900391,9350,196877500
10/3/13,9367.599609,9383.400391,9260.400391,9295.700195,162512700
10/4/13,9289,9432.700195,9267.599609,9420.900391,220135600
10/7/13,9380.400391,9389.200195,9321.599609,9381.900391,165528900
10/8/13,9388.200195,9410.799805,9311.299805,9318.900391,226696600
10/9/13,9302.400391,9470.799805,9295.599609,9439,215016900
10/10/13,9499.5,9695.099609,9485.700195,9660.5,313979500
10/11/13,9707.299805,9707.299805,9624.400391,9668.5,204909400
10/14/13,9631.700195,9701,9615.299805,9696,161741800
10/15/13,9733.599609,9805.299805,9699.200195,9805.299805,250630900
10/16/13,9733.099609,9890.700195,9724,9879,269117100
10/17/13,9854.900391,9918.400391,9817.099609,9918,231677900
10/18/13,9946.599609,10002.59961,9915.5,10001.79981,234130300
10/21/13,10019.59961,10063.90039,9966,10037.79981,226982900
10/22/13,10022.29981,10054.90039,9992.900391,10012.90039,207246200
10/23/13,9960.299805,9965.099609,9792.299805,9828.299805,300665900
10/24/13,9808,9915.400391,9808,9915.400391,224518100
10/25/13,9856,9887.5,9772.299805,9815.5,240606900
10/28/13,9840,9864,9675,9736.200195,232987500
10/29/13,9699.700195,9873,9665.599609,9863.900391,256184900
10/30/13,9862.900391,9980.200195,9744.099609,9778.700195,240984100
10/31/13,9754.799805,9909.900391,9739.299805,9907.900391,258118400
11/1/13,9906.599609,9929.099609,9816.5,9838.299805,142497900
11/4/13,9873.900391,9917.299805,9827.299805,9873.799805,162713200
11/5/13,9916,9923.900391,9731.900391,9795.700195,222791600
11/6/13,9804.200195,9887.400391,9781.200195,9837.099609,178254300
11/7/13,9835.700195,10025.90039,9712.599609,9740.400391,359243400
11/8/13,9684.900391,9778.599609,9613.599609,9747.200195,271391600
11/11/13,9757.200195,9819.599609,9670,9789.5,123206600
11/12/13,9780.099609,9824.099609,9684.099609,9707.599609,181544300
11/13/13,9674.700195,9740.799805,9615.200195,9675.200195,199524300
11/14/13,9769.099609,9784.799805,9610.400391,9708.700195,309214000
11/15/13,9716.900391,9749.299805,9650.400391,9695.900391,185947700
11/18/13,9679.599609,9853.599609,9640.700195,9783.099609,200883100
11/19/13,9750.099609,9751.700195,9626.200195,9629.799805,180785400
11/20/13,9615,9636.099609,9507,9559.5,228662800
11/21/13,9502.799805,9614.5,9467,9599.299805,161717200
11/22/13,9622.700195,9701.799805,9588,9677.400391,183663000
11/25/13,9724.5,9753.900391,9656.5,9689.099609,171693700
11/26/13,9692.200195,9743.200195,9659.799805,9714.599609,263269200
11/27/13,9750.200195,9828.099609,9706.5,9808.400391,173646200
11/28/13,9823.099609,9892.900391,9814.200195,9859.799805,155232600
11/29/13,9876,9923.299805,9824.599609,9837.599609,179884800
12/2/13,9838.200195,9852.700195,9715.599609,9745.5,170200800
12/3/13,9743.900391,9743.900391,9605,9605,275215100
12/4/13,9616.599609,9654.099609,9496.599609,9540.5,189023300
12/5/13,9528.099609,9583,9384.700195,9392.099609,242676100
12/6/13,9406.200195,9418.900391,9232.099609,9400.5,247008400
12/9/13,9414.400391,9499,9389.900391,9487.400391,225519400
12/10/13,9469.900391,9556.099609,9418.5,9438.299805,151929600
12/11/13,9453.299805,9493.099609,9355.099609,9358.700195,206933800
12/12/13,9340.5,9370.5,9245.299805,9272.099609,183489400
12/13/13,9262.400391,9361.200195,9242.900391,9272.700195,160213000
12/16/13,9270.299805,9463.799805,9264.700195,9429.5,204900800
12/17/13,9395,9425.299805,9343.400391,9343.400391,156690100
12/18/13,9398.200195,9456.700195,9348.299805,9443.599609,190494400
12/19/13,9537,9657.099609,9535.799805,9617.099609,151936800
12/20/13,9681.799805,9721.900391,9623.400391,9689.900391,396897000
12/23/13,9696.099609,9758.400391,9650.5,9758.400391,185889400
12/24/13,9767.299805,9826.400391,9756.299805,9819.5,85834400
12/27/13,9839.700195,9900.099609,9826.299805,9900.099609,180126900
12/30/13,9919.5,9949.799805,9864.799805,9901.900391,188242900
12/31/13,9910.5,9923.299805,9881.700195,9916.700195,79586800
1/2/14,9923.599609,9952,9758.400391,9760.299805,304375400
1/3/14,9765,9830.099609,9722.5,9798,209216600
1/6/14,9768.400391,9928.700195,9766.400391,9888.5,188619600
1/7/14,9912.5,10188.5,9881.900391,10178.7002,514204600
1/8/14,10190.40039,10282,10117.2002,10253.59961,479865100
1/9/14,10255.7002,10383,10186.29981,10234.2002,389287000
1/10/14,10293.59961,10361.79981,10248.79981,10290.59961,283436900
1/13/14,10336.29981,10396,10298.29981,10365.5,347556400
1/14/14,10274.09961,10382,10223.09961,10382,343749400
1/15/14,10380.79981,10529.79981,10368.40039,10525,381454500
1/16/14,10532.2002,10552.7002,10441.40039,10455.5,331148000
1/17/14,10453.7002,10501.79981,10393.5,10465.7002,288502600
1/20/14,10440,10485.90039,10403.5,10454.09961,183408000
1/21/14,10469.79981,10510.5,10344.2002,10357.40039,239283500
1/22/14,10399.5,10440.5,10241.5,10279.7002,295355400
1/23/14,10254.09961,10350.90039,10215.79981,10241.2002,327843800
1/24/14,10214.7002,10240.79981,9835.5,9868.900391,531982300
1/27/14,9877,9915.900391,9725.700195,9758.400391,380955000
1/28/14,9838.700195,9922.799805,9802.5,9879.099609,298254700
1/29/14,9986.099609,10054.09961,9716.5,9896.200195,368664600
1/30/14,9890.700195,9995.5,9775.700195,9964.5,311979200
1/31/14,9974.400391,9993.200195,9761.799805,9920.200195,343616300
2/3/14,9911.5,9980.099609,9712.5,9725.400391,280156700
2/4/14,9684.700195,9814.200195,9654.799805,9754.299805,306710800
2/5/14,9752.400391,9837.5,9700.400391,9775,267970200
2/6/14,9840.700195,9983.700195,9807.200195,9964.599609,393666100
2/7/14,9996,10086.7002,9910.700195,10072.40039,328602400
2/10/14,10114.2002,10117.79981,9943.799805,9982.700195,232430600
2/11/14,10044.79981,10091.2002,9985,10091.2002,313939600
2/12/14,10126.09961,10151.29981,10041.29981,10080.79981,371607700
2/13/14,10046.2002,10098.90039,9950,10098.90039,321596600
2/14/14,10111,10184.7002,10057.79981,10132.79981,240155800
2/17/14,10155.09961,10181.90039,10084.59961,10118.59961,167514400
2/18/14,10109.5,10114.5,9988.799805,10042.7002,286231000
2/19/14,10021.29981,10102.7002,9945.900391,10053.79981,295425000
2/20/14,9945.5,10062.2002,9918.5,10062.2002,284533600
2/21/14,10104.09961,10108.79981,10009.2002,10071,227194300
2/24/14,10060.2002,10193.09961,10035.29981,10193.09961,238493000
2/25/14,10176.09961,10242.7002,10150.90039,10242.5,239977200
2/26/14,10243.90039,10269,10191.7002,10224.29981,215455700
2/27/14,10213.29981,10228.09961,10063.90039,10164.09961,253334400
2/28/14,10172.40039,10174.2002,9996.099609,10114.2002,439188100
3/3/14,9951.599609,9991.599609,9855.099609,9878.700195,391420600
3/4/14,9991.099609,10126.7002,9955.200195,10126.7002,330191500
3/5/14,10104.90039,10249.59961,10089.09961,10215.2002,348114600
3/6/14,10251,10358.90039,10247.5,10304,301321700
3/7/14,10327.5,10345.29981,10147.59961,10164.2002,260257400
3/10/14,10151.40039,10292,10119.09961,10194.59961,329690600
3/11/14,10234.90039,10245,10137.90039,10163.29981,212295000
3/12/14,10128.59961,10169,9984.200195,10070.40039,263713900
3/13/14,10112.29981,10117.79981,9950.299805,9950.299805,238531000
3/14/14,9881.400391,9944.299805,9703.099609,9812,469886400
3/17/14,9822.900391,9992.5,9811.200195,9975,267210100
3/18/14,9975.099609,10109.29981,9902.799805,10051.40039,268470200
3/19/14,10085.5,10135.5,10022.79981,10093.29981,186679700
3/20/14,10008,10085.5,9970.900391,10079.90039,253694900
3/21/14,10094.79981,10157.5,10042.40039,10053.09961,442910600
3/24/14,10061.7002,10090,9868.700195,9913.099609,282607800
3/25/14,9939.799805,10035.2002,9885.599609,9990.5,267193000
3/26/14,10029,10180.40039,9994.099609,10140.79981,279649200
3/27/14,10118.2002,10204.40039,10087.09961,10199,255552100
3/28/14,10239.79981,10341.90039,10208.79981,10328.90039,263012700
3/31/14,10349.59961,10420.59961,10325.90039,10340.5,339242900
4/1/14,10368.09961,10487.59961,10359.5,10463.09961,310888300
4/2/14,10477.79981,10503.7002,10391.29981,10435.79981,237133600
4/3/14,10462.2002,10644.40039,10451.5,10584.09961,337366400
4/4/14,10612.5,10705.09961,10572.29981,10677.2002,300098300
4/7/14,10594.09961,10678.2002,10561.29981,10606.2002,216044600
4/8/14,10611.40039,10626.59961,10384.09961,10480.5,335475500
4/9/14,10493.40039,10571.5,10477.2002,10485.2002,241313300
4/10/14,10523.7002,10536.59961,10326.40039,10336.09961,335982800
4/11/14,10272.29981,10332.09961,10091.09961,10205.40039,366861500
4/14/14,10097.7002,10191.29981,9984.299805,10188.2002,318266900
4/15/14,10199.79981,10247.79981,10071.59961,10103.5,253737500
4/16/14,10210.59961,10267.90039,10179.40039,10267.90039,217015400
4/17/14,10290.59961,10316.2002,10184.90039,10292.40039,231004200
4/22/14,10339.09961,10449,10279.7002,10437.79981,238298100
4/23/14,10439.29981,10482.5,10394.90039,10424.40039,258917000
4/24/14,10487,10531.09961,10338.7002,10462,236755500
4/25/14,10398.5,10442.90039,10281,10306.2002,191450000
4/28/14,10351.29981,10391.29981,10247.90039,10320.90039,187967800
4/29/14,10348.5,10488.5,10342.59961,10461,285723600
4/30/14,10424.7002,10500.40039,10397.7002,10459,280911700
5/2/14,10453.59961,10541,10441.29981,10474.5,196334200
5/5/14,10460.2002,10502.7002,10342.5,10477,208232700
5/6/14,10504.90039,10549.2002,10414.79981,10481.40039,224625800
5/7/14,10402,10494.5,10371.5,10413.79981,271535000
5/8/14,10448.90039,10597.90039,10412.5,10591.2002,291313500
5/9/14,10573,10592.59961,10438.7002,10487.2002,324681600
5/12/14,10512.40039,10578.2002,10478.2002,10567,243557000
5/13/14,10587.29981,10600.90039,10533.40039,10587.2002,272278900
5/14/14,10602.79981,10639.09961,10521.59961,10613.90039,248096700
5/15/14,10616.5,10665.09961,10323.40039,10365,409937900
5/16/14,10354.09961,10494.90039,10282.40039,10478.7002,312919000
5/19/14,10469.7002,10526,10307.29981,10425.5,243528900
5/20/14,10418.40039,10479,10401.59961,10453.79981,245813300
5/21/14,10407.40039,10547.5,10364.09961,10531.40039,205707400
5/22/14,10552.09961,10558,10474.90039,10520.59961,205291500
5/23/14,10525.5,10576.5,10466,10558.90039,159882100
5/26/14,10593.79981,10695.5,10576.29981,10687.5,141443100
5/27/14,10669.29981,10744.79981,10659.40039,10714.2002,208487200
5/28/14,10701.5,10757.2002,10672.2002,10757.2002,236689000
5/29/14,10755.7002,10770.29981,10665,10734.79981,182658100
5/30/14,10708.09961,10803.40039,10697.79981,10798.7002,319903000
6/2/14,10819,10877.40039,10800.2002,10827.40039,196097200
6/3/14,10838.29981,10873.59961,10744.29981,10776.7002,206171300
6/4/14,10756.2002,10775.09961,10667.2002,10755.59961,193394100
6/5/14,10761,10970,10714.2002,10876.40039,382160700
6/6/14,10917.59961,11085.09961,10888.40039,11064.29981,338353600
6/9/14,11089.79981,11188.2002,11057.7002,11164.09961,267298300
6/10/14,11136.59961,11177.59961,11095.59961,11153.5,246596300
6/11/14,11134.40039,11167.79981,11045.2002,11074.90039,211582800
6/12/14,11081.7002,11137.29981,11046,11088.5,186194000
6/13/14,11079,11134.29981,11010,11113.7002,197257500
6/16/14,11055,11099.2002,10971.7002,11008.2002,213704700
6/17/14,11031.09961,11093.5,11013,11058.5,198939900
6/18/14,11082.40039,11130.79981,11052.7002,11112.29981,197069400
6/19/14,11192.40039,11249.40039,11158.79981,11187.79981,222993200
6/20/14,11174.90039,11215.79981,11142.59961,11155.09961,385514000
6/23/14,11163.40039,11185.09961,11093.90039,11118.29981,176415300
6/24/14,11147.59961,11168.79981,11082.5,11105.90039,183077100
6/25/14,11058.09961,11069.5,10890.2002,10966.7002,340431300
6/26/14,11006,11046.40039,10910.79981,10989,237044700
6/27/14,11010.2002,11059.79981,10924.2002,10959.90039,172851300
6/30/14,10975.59961,10996.29981,10850.59961,10923.5,198883900
7/1/14,10954.5,11007.79981,10911.90039,11007.79981,271826600
7/2/14,11009,11037.5,10955.2002,11016.2002,206188700
7/3/14,11001.7002,11100.2002,10958.09961,11090,231683700
7/4/14,11082.7002,11084,11004.79981,11009.40039,151365000
7/7/14,10986,11005.2002,10874.5,10888.5,159943600
7/8/14,10898.7002,10920.90039,10663,10689.09961,348809900
7/9/14,10736.40039,10771,10680.90039,10746.90039,264369500
7/10/14,10743.59961,10743.59961,10423.59961,10533.59961,378313700
7/11/14,10563.7002,10681.5,10489.79981,10538.79981,240402900
7/14/14,10602.5,10640,10526.59961,10606.29981,189414500
7/15/14,10545.09961,10581.40039,10427.7002,10475.90039,246842800
7/16/14,10522.2002,10680.2002,10496.59961,10668.40039,225511600
7/17/14,10617.59961,10643,10507.79981,10543.29981,208172200
7/18/14,10477.5,10527,10425.29981,10527,201066400
7/21/14,10521.7002,10530.59961,10447.59961,10482,156589300
7/22/14,10531,10667.90039,10504.7002,10648.90039,231977700
7/23/14,10624.2002,10700,10604.79981,10659.09961,213231700
7/24/14,10668.29981,10860.7002,10618.09961,10860.7002,335618500
7/25/14,10839.59961,10941.90039,10832.09961,10888.09961,273050900
7/28/14,10940.5,10963.90039,10801.59961,10879.79981,200633400
7/29/14,10901.59961,10964.29981,10854.2002,10901.2002,199820700
7/30/14,10927.79981,11016.09961,10888.59961,10937.40039,241840300
7/31/14,10934.90039,10943.90039,10663.29981,10707.2002,302656400
8/1/14,10682.79981,10701.40039,10478.29981,10514,297750900
8/4/14,10585.79981,10589.40039,10463.90039,10496.2002,206949800
8/5/14,10524.7002,10534.7002,10314.40039,10353.79981,258778800
8/6/14,10282,10330.29981,10121.5,10246.2002,306362900
8/7/14,10235.79981,10258.90039,10049.90039,10078.59961,321042500
8/8/14,9981.200195,10183,9946.900391,10104.79981,274092000
8/11/14,10226.59961,10245.7002,10148.59961,10193.5,173366500
8/12/14,10195.90039,10324.09961,10161.90039,10241.5,190718600
8/13/14,10304.09961,10330.2002,10250.5,10304,183228000
8/14/14,10274.09961,10339.2002,10210.7002,10294.79981,156132300
8/15/14,10320.79981,10417.7002,10203.7002,10222.2002,197004300
8/18/14,10350.40039,10372.2002,10284.09961,10353.40039,150174700
8/19/14,10407.5,10416.59961,10367.2002,10386.5,119977400
8/20/14,10390.59961,10428.09961,10338.29981,10420.90039,135510700
8/21/14,10429.79981,10569.29981,10386.7002,10556.40039,168281900
8/22/14,10582.09961,10588.7002,10436.40039,10500.2002,155283800
8/25/14,10607.09961,10695.7002,10563.59961,10690.09961,148342300
8/26/14,10672.40039,10835.5,10669.40039,10826.90039,215487300
8/27/14,10821.90039,10883.79981,10787.40039,10837.40039,190905600
8/28/14,10808.5,10844.40039,10688,10722.2002,179770300
8/29/14,10742.7002,10785.29981,10614.5,10728.79981,190471100
9/1/14,10749.2002,10784.09961,10693.90039,10746.5,107653300
9/2/14,10768.5,10822.59961,10736.40039,10755,168158100
9/3/14,10799.2002,10927.2002,10783.40039,10886.79981,218737500
9/4/14,10853.79981,11146.59961,10835.40039,11100.09961,400312200
9/5/14,11085.5,11182,11062.2002,11148.90039,269753500
9/8/14,11158.40039,11163,11043,11102.59961,179761600
9/9/14,11060.2002,11080.59961,10939.7002,10951.59961,204785900
9/10/14,10909.90039,10937.79981,10821.29981,10937.79981,237811600
9/11/14,10951.90039,10963.5,10823.90039,10886.29981,210035000
9/12/14,10895.7002,10930.2002,10838.90039,10888.90039,153430500
9/15/14,10849.79981,10894.79981,10815.2002,10841.29981,156410300
9/16/14,10829.90039,10836.7002,10737.29981,10798.7002,258025000
9/17/14,10855,10939.2002,10818.09961,10907.40039,246255600
9/18/14,10931.79981,11016.5,10899.2002,10991,262363200
9/19/14,11108.90039,11191.79981,11001.90039,11001.90039,381036100
9/22/14,10961.90039,11026.5,10930.5,10947.90039,194774200
9/23/14,10918.90039,10918.90039,10781.2002,10801.79981,263280400
9/24/14,10798.90039,10860.5,10679.2002,10856.90039,256971600
9/25/14,10847.79981,10948.59961,10733.09961,10783.09961,276503300
9/26/14,10770.59961,10891,10701.2002,10851.40039,203758900
9/29/14,10828.2002,10852.7002,10625.5,10686,241844600
9/30/14,10724.5,10860.09961,10714,10825.5,277850000
10/1/14,10793.90039,10889.29981,10734.59961,10753.2002,274950800
10/2/14,10742.5,10769.29981,10418.09961,10418.09961,406480200
10/3/14,10561,10582,10436.40039,10567.59961,239757900
10/6/14,10657.59961,10728.79981,10632.5,10645.7002,198107400
10/7/14,10610,10610,10422.09961,10430.7002,268329800
10/8/14,10384.59961,10460.90039,10320,10339,327285500
10/9/14,10465.29981,10470.79981,10201,10273.7002,307914900
10/10/14,10186.7002,10290.90039,10102.40039,10150.5,358995300
10/13/14,10072.40039,10274.79981,10042.2002,10187.29981,239626200
10/14/14,10138.09961,10236.79981,10016.5,10204.90039,300587900
10/15/14,10204.7002,10225.59961,9774.900391,9838.5,448114700
10/16/14,9897.200195,9942,9370.5,9669.700195,786593000
10/17/14,9723,9977.400391,9651.099609,9956.799805,436588400
10/20/14,9898.900391,9958.900391,9802.799805,9915.200195,335391200
10/21/14,9893.5,10167.79981,9851.5,10152.09961,368717900
10/22/14,10169.59961,10249.90039,10067,10249.90039,335121500
10/23/14,10202.7002,10359,10127,10333.7002,311530900
10/24/14,10299.40039,10369,10260.7002,10339.29981,278418200
10/27/14,10469.40039,10474.79981,10093.40039,10195.2002,383783900
10/28/14,10260.2002,10423.40039,10248.59961,10394.79981,276850100
10/29/14,10406,10441.09961,10204.79981,10247.79981,313345400
10/30/14,10304.59961,10340.29981,9994.799805,10263.7002,358028100
10/31/14,10448.40039,10513.29981,10324.79981,10477.79981,401751800
11/3/14,10454.29981,10508.79981,10333.29981,10374.40039,285477600
11/4/14,10361,10455.2002,10140.5,10154.40039,338022800
11/5/14,10246.59961,10310.59961,10131.2002,10276.90039,312655000
11/6/14,10242.7002,10463.29981,10175.29981,10261.79981,372892100
11/7/14,10291,10311.5,10017.5,10126.29981,319455200
11/10/14,10103.90039,10282.40039,10052.2002,10273,224421200
11/11/14,10319.79981,10418.40039,10296.09961,10338.79981,246120300
11/12/14,10307,10342.59961,10136.40039,10157.29981,287992200
11/13/14,10207.59961,10252.29981,10044.2002,10140.40039,288333000
11/14/14,10192.29981,10195.09961,10056.79981,10148,405111200
11/17/14,10061.09961,10336.29981,10040.90039,10309,355982600
11/18/14,10320.09961,10466.29981,10296.29981,10432.90039,318105500
11/19/14,10395.79981,10451.79981,10328.90039,10376.79981,335202200
11/20/14,10351.5,10351.5,10132.2002,10209.2002,372096700
11/21/14,10225.59961,10542.5,10209,10520.79981,432600000
11/24/14,10558.7002,10715.09961,10528.79981,10642.5,361456200
11/25/14,10621.90039,10792.29981,10609.40039,10699.59961,448003600
11/26/14,10723.2002,10736.40039,10610.09961,10647,230988600
11/27/14,10660.40039,10745.40039,10629.09961,10727.59961,195149600
11/28/14,10722.29981,10772.2002,10656.5,10770.7002,228444400
12/1/14,10700.59961,10757.59961,10648.2002,10672.79981,231093300
12/2/14,10701.09961,10763,10653.2002,10749.2002,228185900
12/3/14,10776.09961,10903.09961,10754.90039,10875.90039,285479100
12/4/14,10902.7002,10928.29981,10587,10619.90039,397238400
12/5/14,10756.40039,10906.09961,10718.09961,10900.7002,335915100
12/8/14,10864.59961,10919.29981,10805.2002,10805.2002,189142400
12/9/14,10704.29981,10707.29981,10461.2002,10461.59961,367386400
12/10/14,10536.29981,10593.29981,10347.2002,10396.90039,272364900
12/11/14,10397.40039,10505.79981,10322.7002,10431.79981,273894000
12/12/14,10358.2002,10407.5,10127.5,10145,293905100
12/15/14,10149.59961,10268.2002,9900.299805,9903.900391,334259400
12/16/14,9954.200195,10095.09961,9661,10081.90039,563114900
12/17/14,9990.700195,10100.5,9916.900391,10049.5,342107900
12/18/14,10218,10391.29981,10167.2002,10391.29981,417879700
12/19/14,10483.40039,10500.09961,10186.7002,10363.59961,497368700
12/22/14,10387.5,10458,10294.90039,10371,186407300
12/23/14,10380.2002,10477.7002,10314.40039,10477.7002,161428200
12/24/14,10456.09961,10495.90039,10437.79981,10481.79981,45207600
12/29/14,10427.79981,10446.29981,10216.2002,10394.2002,220893700
12/30/14,10365.40039,10365.40039,10269.40039,10279.2002,163930600
12/31/14,10260.2002,10305.79981,10253.5,10279.5,83605300
1/2/15,10386.7002,10440.29981,10232.29981,10350.79981,220239700
1/5/15,10267.2002,10390.79981,9977.799805,9993.299805,299610800
1/6/15,10040.7002,10060.79981,9871.099609,9871.099609,282855400
1/7/15,9937.299805,10051.2002,9836.400391,9891.400391,290122400
1/8/15,10053.2002,10143,9970.299805,10115,320452300
1/9/15,10080,10080,9610.099609,9719,789490200
1/12/15,9805.5,9882.099609,9682.099609,9797.5,454276600
1/13/15,9762.400391,9995.700195,9757.299805,9966,407220100
1/14/15,9801.700195,10013.79981,9778.900391,9846,474511500
1/15/15,9953.099609,10008.90039,9646.400391,9982.5,408080100
1/16/15,9948.599609,10060.2002,9882.099609,10038.90039,367663400
1/19/15,10091.29981,10193.79981,10036.7002,10157.5,253509700
1/20/15,10194.90039,10332.29981,10186.7002,10283.90039,446596900
1/21/15,10325,10340.29981,10147,10335.29981,367573500
1/22/15,10382.2002,10560.90039,10339.59961,10510.59961,508500200
1/23/15,10604.90039,10693,10532.40039,10581.5,493574600
1/26/15,10502.59961,10716.90039,10451,10696.09961,309103700
1/27/15,10669.5,10707.09961,10528.09961,10598.90039,322879500
1/28/15,10676.59961,10687,10395.59961,10456.90039,366625000
1/29/15,10391.2002,10513.09961,10320.79981,10507.59961,336720400
1/30/15,10562.59961,10581.59961,10336.09961,10403.29981,418610700
2/2/15,10396.59961,10401,10136.40039,10328.09961,443722900
2/3/15,10426.79981,10634.2002,10414.59961,10598.2002,446421200
2/4/15,10620.90039,10688,10497.40039,10577.79981,386829400
2/5/15,10451.7002,10535.5,10388.90039,10535.5,301147200
2/6/15,10547.09961,10606.79981,10497.5,10573.09961,278007700
2/9/15,10467.79981,10473.29981,10289.7002,10364.90039,290048000
2/10/15,10389.79981,10561.40039,10338.59961,10500.09961,275834900
2/11/15,10496.09961,10516.5,10342.79981,10364.79981,237217400
2/12/15,10349.59961,10607.09961,10328.5,10562.2002,328004200
2/13/15,10618.5,10794.90039,10606.7002,10739.5,427944600
2/16/15,10717.79981,10793.09961,10679.90039,10689.5,220583500
2/17/15,10591.59961,10730.09961,10526.59961,10698,272473600
2/18/15,10764.59961,10852.59961,10764.09961,10805.29981,298366800
2/19/15,10781,10918.40039,10726.29981,10910.40039,350256400
2/20/15,10889.79981,10916.79981,10759,10879.29981,336297400
2/23/15,11001.29981,11015.40039,10935.09961,10990.09961,272017200
2/24/15,11027.7002,11082.7002,10951.09961,11064.5,297628100
2/25/15,11027.90039,11072.5,11011.7002,11049.5,255498600
2/26/15,11023.29981,11145.90039,11014.40039,11139.5,271208100
2/27/15,11142.90039,11184.5,11070.79981,11178.29981,412536300
3/2/15,11190.5,11239.79981,11123.29981,11178.5,312325400
3/3/15,11197.59961,11212.79981,11001.7002,11014.7002,246878300
3/4/15,11048.09961,11079.29981,10921.40039,11051.29981,253266900
3/5/15,11078.09961,11154.29981,11039.2002,11124.40039,260657700
3/6/15,11144.5,11158.90039,11070.2002,11091.90039,272187500
3/9/15,11007.90039,11078.79981,10962.40039,11054.2002,221014700
3/10/15,11060.5,11081.2002,10858.40039,10902.2002,299027000
3/11/15,10950.29981,11048.2002,10908,11021.79981,265916200
3/12/15,11022.90039,11068,10993.09961,11011.79981,439287600
3/13/15,11072.90039,11077.7002,10993.5,11033.79981,253107600
3/16/15,11082.40039,11146.7002,11077.40039,11114.7002,292847600
3/17/15,11117.5,11129,10953.7002,11028.09961,260645800
3/18/15,11057.40039,11076,10957.7002,11050,295712600
3/19/15,11062.90039,11146.5,11040.2002,11091,259184200
3/20/15,11109.79981,11458.29981,11090.2002,11419.59961,618645900
3/23/15,11394,11465.40039,11364.29981,11452.79981,328734600
3/24/15,11428.5,11618.29981,11409.90039,11579.29981,331905900
3/25/15,11560.7002,11591.7002,11449.29981,11464.7002,252131500
3/26/15,11400.40039,11453.79981,11294.7002,11453.79981,308558600
3/27/15,11469.7002,11524.2002,11403.90039,11427.40039,310086500
3/30/15,11459.79981,11543.2002,11432.29981,11529.09961,304316200
3/31/15,11510.79981,11596.09961,11444.59961,11521.09961,336270600
4/1/15,11482,11662.79981,11454.29981,11569.79981,305804100
4/2/15,11583.59961,11649.90039,11559.2002,11634,205806700
4/7/15,11715.59961,11771.79981,11669.29981,11730.5,366059600
4/8/15,11738.40039,11771.40039,11615.79981,11655.5,301549800
4/9/15,11688.40039,11747.29981,11655.2002,11734.59961,299820800
4/10/15,11755.29981,11778,11679.2002,11749.29981,336786900
4/13/15,11761.7002,11884.59961,11760.79981,11866.40039,229311700
4/14/15,11798.5,11862.59961,11645.59961,11704.7002,377819300
4/15/15,11742.40039,11815.59961,11710.40039,11778.40039,292619200
4/16/15,11772.29981,11772.29981,11580.29981,11611.7002,287015300
4/17/15,11565.5,11598,11299.90039,11359.40039,465820400
4/20/15,11400.2002,11418.79981,11306.40039,11384.59961,209411300
4/21/15,11439,11504,11368.2002,11422.29981,337592400
4/22/15,11452.2002,11480.40039,11276.29981,11399.2002,306266200
4/23/15,11417.5,11461.09961,11291.29981,11425.79981,244085900
4/24/15,11469.59961,11605.5,11434.59961,11505.40039,340437300
4/27/15,11532,11679.79981,11365.5,11640.2002,310809300
4/28/15,11656,11684.59961,11543,11607.7002,280716900
4/29/15,11619,11651.90039,11378.90039,11378.90039,310361400
4/30/15,11351.09961,11469.2002,11258,11385,386580900
5/4/15,11351.09961,11501.79981,11258,11429.09961,224660600
5/5/15,11416.40039,11503.90039,11102.90039,11115.59961,319652500
5/6/15,11100.40039,11232.79981,11048.29981,11163.59961,275553700
5/7/15,11125.09961,11214.79981,10928.2002,11180.29981,322768200
5/8/15,11260.79981,11424.7002,11212.90039,11424.7002,309356600
5/11/15,11433.7002,11481.59961,11377.7002,11445.79981,198981300
5/12/15,11332,11354,11221.5,11322.59961,292895200
5/13/15,11366,11430.90039,11282.40039,11324.59961,249275600
5/14/15,11304.59961,11428.29981,11203.90039,11398.7002,211842200
5/15/15,11438.79981,11438.79981,11265.90039,11317.29981,230823100
5/18/15,11336.79981,11368,11203.09961,11345,234028800
5/19/15,11406.09961,11537.79981,11404,11497.7002,282087100
5/20/15,11505.09961,11588.7002,11460.59961,11574.09961,192408700
5/21/15,11517.90039,11595.40039,11515.7002,11595.40039,185431700
5/22/15,11594.7002,11609.90039,11533.7002,11554.2002,168214900
5/25/15,11421.2002,11455.29981,11262.09961,11322.29981,156476200
5/26/15,11297.09961,11344.7002,11169.40039,11240.29981,315131700
5/27/15,11281.7002,11467.79981,11247.2002,11431.09961,241034200
5/28/15,11387.90039,11450.7002,11291.90039,11382.79981,191886700
5/29/15,11375.59961,11402.7002,11192.09961,11217.59961,327769600
6/1/15,11264.79981,11343.2002,11180.5,11238.09961,194253900
6/2/15,11314.5,11369.09961,11151.29981,11271.40039,232391400
6/3/15,11302.90039,11361.79981,11201.09961,11267.59961,227416500
6/4/15,11201.2002,11292.7002,11070,11146.09961,239541800
6/5/15,11061.5,11127.90039,10984.09961,11062,227463000
6/8/15,11022.79981,11056.09961,10917.29981,10917.29981,205932600
6/9/15,10895,10945,10750,10938.09961,295299200
6/10/15,10879.90039,11138.40039,10854.40039,11097.5,241562600
6/11/15,11097.59961,11231.29981,11085.09961,11156.7002,243780700
6/12/15,11124.5,11159.29981,10932.59961,11030.5,215491700
6/15/15,10893.59961,10939.90039,10775.59961,10842.09961,223282600
6/16/15,10766,10895.5,10659.7002,10871.40039,241068500
6/17/15,10900,10933.90039,10779.5,10813.40039,189361600
6/18/15,10788.5,10888.40039,10654.29981,10871.90039,309136800
6/19/15,10890.7002,11029.09961,10880.79981,10944.29981,354736100
6/22/15,11184.5,11394.2002,11168.90039,11368.2002,353604700
6/23/15,11461.5,11497.09961,11384.5,11402.5,271933300
6/24/15,11419,11420.09961,11220.40039,11321.90039,272689800
6/25/15,11245,11441.29981,11213.09961,11308.40039,294850600
6/26/15,11238.7002,11434.79981,11199.90039,11372.29981,217127700
6/29/15,11148.40039,11202.59961,10816.40039,10853.90039,463510800
6/30/15,10811.59961,10954.5,10723.2002,10769.5,369234200
7/1/15,10857.7002,11036.90039,10784.29981,10911.5,310649600
7/2/15,10932,10960.7002,10835.5,10846.40039,209127500
7/3/15,10835.7002,10860.7002,10730,10779.79981,197292400
7/6/15,10571.79981,10653.7002,10496,10540.09961,353557100
7/7/15,10554.90039,10588.5,10332.09961,10346,325139700
7/8/15,10364.7002,10478.7002,10324.29981,10430.29981,320299300
7/9/15,10479.40039,10761.09961,10463.59961,10706.40039,306819800
7/10/15,10958.2002,11069.79981,10896.90039,11036.09961,358655000
7/13/15,11178.2002,11253.5,11121.79981,11224.2002,306039600
7/14/15,11220.09961,11258.29981,11140.79981,11258.29981,302647200
7/15/15,11262,11360.40039,11234.29981,11335.7002,208079200
7/16/15,11405.2002,11536.29981,11398.59961,11510.59961,282712200
7/17/15,11551,11551,11472.59961,11480.7002,229032100
7/20/15,11506.90039,11612.59961,11499.40039,11556.09961,178798500
7/21/15,11571.90039,11579.7002,11432.09961,11458.59961,222068300
7/22/15,11389.2002,11525.40039,11365.5,11484.29981,261183800
7/23/15,11552,11553.59961,11429.40039,11441.90039,229334700
7/24/15,11415.40039,11460.29981,11300.90039,11309.29981,339313800
7/27/15,11252.7002,11264.2002,11136.7002,11145.40039,334763800
7/28/15,11179.5,11294,11168.09961,11252.40039,224447300
7/29/15,11310,11325.59961,11185.79981,11282.90039,218993700
7/30/15,11347.7002,11362.40039,11117.59961,11168.59961,292611300
7/31/15,11198.40039,11200.90039,11039.5,11180.7002,278118300
8/3/15,11180.59961,11288.5,11141.2002,11265.90039,278421700
8/4/15,11240.29981,11244.79981,11098.5,11150.5,409879000
8/5/15,11195,11302.90039,11184.7002,11279.5,255667300
8/6/15,11263.59961,11327,11239.40039,11253.59961,209266300
8/7/15,11244.90039,11264,11176.79981,11178.2002,202368800
8/10/15,11239.5,11330,11129.29981,11311.7002,174264900
8/11/15,11278.5,11319.09961,11137.79981,11152.29981,231916800
8/12/15,11054.40039,11054.40039,10840.29981,10880.09961,308273600
8/13/15,11030.79981,11057.09961,10938.5,10947.90039,213797500
8/14/15,10952.40039,11034.29981,10851.59961,10879.29981,221082000
8/17/15,10983.09961,11023.29981,10774.40039,10900.29981,202495900
8/18/15,10878,10952.2002,10846.09961,10897.90039,167048400
8/19/15,10843.7002,10905.29981,10776.79981,10782.40039,229362100
8/20/15,10748.2002,10797.5,10564.79981,10587,292081300
8/21/15,10434.40039,10576.2002,10270.2002,10271.7002,336668200
8/24/15,9973.700195,10078,9502.400391,9756.599609,637103700
8/25/15,9880.400391,10168.09961,9819.900391,10115.40039,448305600
8/26/15,10005.79981,10132.90039,9875.400391,9984.5,345702900
8/27/15,10229.59961,10357.29981,10176.2002,10290.2002,332907900
8/28/15,10322.7002,10352.90039,10235.7002,10352.90039,202082600
8/31/15,10297.2002,10319.09961,10190.40039,10259,184683800
9/1/15,10136.09961,10148.5,9921.099609,9992.799805,286174100
9/2/15,10009.7002,10071.09961,9855.799805,9938.299805,278087000
9/3/15,10023.79981,10118.7002,9945.900391,10042.40039,311827100
9/4/15,9947,9950.799805,9737.900391,9821.799805,325761700
9/7/15,9893.5,9931.799805,9796.599609,9805.400391,170275700
9/8/15,9860.299805,9987.700195,9857.599609,9866.200195,222434100
9/9/15,10078.79981,10193,10031.09961,10037.79981,263822000
9/10/15,9929.200195,9989.700195,9840,9859,260439000
9/11/15,9877,9886,9722.700195,9737.900391,261365400
9/14/15,9764.799805,9836.900391,9685.599609,9696.400391,213979200
9/15/15,9708.299805,9834.799805,9620.700195,9782.5,275760300
9/16/15,9869.5,9983,9843,9976.799805,286866000
9/17/15,10015,10141.79981,9988.900391,10106.59961,344891500
9/18/15,10048.59961,10050.29981,9801.700195,9847.200195,557110300
9/21/15,9826.099609,9952,9820.299805,9856.799805,220604700
9/22/15,9856.099609,9857.799805,9528.200195,9550.200195,335148000
9/23/15,9529,9659.099609,9463.900391,9474.599609,386536600
9/24/15,9492.099609,9540.200195,9231.299805,9291.400391,405846400
9/25/15,9444.200195,9575.299805,9430.200195,9519.5,317510500
9/28/15,9500.900391,9598.599609,9357.400391,9394.200195,284114700
9/29/15,9280.400391,9514.400391,9264.400391,9393.900391,303210600
9/30/15,9580.599609,9606.299805,9491.099609,9559.900391,277069000
10/1/15,9668.900391,9718,9543.799805,9567.299805,273444200
10/2/15,9650.400391,9688.099609,9428.799805,9603.599609,280401400
10/5/15,9777.299805,9980.900391,9731.5,9971.299805,332672200
10/6/15,9996.5,10138.2002,9909.5,10103.29981,281156000
10/7/15,10176.09961,10289.79981,10119.90039,10170,369632100
10/8/15,10137.79981,10190.29981,10063.2002,10181.2002,300043500
10/9/15,10279.09961,10354.09961,10224.90039,10309.59961,365518500
10/12/15,10318.79981,10379,10208.5,10246.40039,222784500
10/13/15,10227.40039,10229.29981,10049.79981,10115.29981,259780200
10/14/15,10065.40039,10129,9992.400391,10037.59961,253688800
10/15/15,10132.09961,10132.7002,10055.09961,10101.7002,239299900
10/16/15,10174.90039,10244,10153.09961,10231.5,246079200
10/19/15,10221.5,10310.40039,10164.7002,10207.29981,186379800
10/20/15,10196.79981,10217,10055.09961,10100.59961,218586200
10/21/15,10126.09961,10188.29981,10004,10157.5,208277800
10/22/15,10130.09961,10402.5,10109.5,10365.40039,272762700
10/23/15,10449.7002,10591.90039,10418.2002,10476.29981,344634400
10/26/15,10473.90039,10517.59961,10408.59961,10478.29981,248738200
10/27/15,10458.2002,10458.2002,10300.7002,10322.40039,243678900
10/28/15,10321,10440.09961,10296.79981,10421.90039,218571200
10/29/15,10451.79981,10455.2002,10298.09961,10397.2002,254878400
10/30/15,10394.2002,10405.7002,10258.7002,10360.7002,294535100
11/2/15,10279.29981,10463.5,10259.09961,10418.2002,265782300
11/3/15,10398.59961,10465.2002,10375.40039,10465.2002,284752700
11/4/15,10524.79981,10631.59961,10454,10473.5,308326500
11/5/15,10483.90039,10552.7002,10385,10431.2002,252121000
11/6/15,10425.79981,10500.29981,10318.5,10453.2002,300129500
11/9/15,10451.59961,10476.90039,10322.90039,10325.2002,260461100
11/10/15,10364,10376.29981,10244.29981,10336.79981,213290500
11/11/15,10345.09961,10463.09961,10344.2002,10377.2002,205122100
11/12/15,10350.59961,10369,10113.40039,10144,276463500
11/13/15,10118.29981,10201.2002,10012.29981,10111.40039,229553700
11/16/15,10012.40039,10158.09961,10005.2002,10124.5,172141400
11/17/15,10214.59961,10376,10199.59961,10363.79981,246057800
11/18/15,10284,10307.40039,10226.5,10261.09961,257182700
11/19/15,10340.5,10408.40039,10325.7002,10354.7002,272118200
11/20/15,10373.2002,10385,10247.59961,10290.29981,231927700
11/23/15,10262.29981,10307.7002,10206.79981,10277.40039,184507500
11/24/15,10231.29981,10231.29981,10045.59961,10207.2002,219025200
11/25/15,10184.2002,10247.09961,10083.09961,10227.29981,418774800
11/26/15,10217.29981,10352.90039,10174.79981,10332.29981,268316400
11/27/15,10285.79981,10390.7002,10264.5,10310.7002,200143600
11/30/15,10299,10430.29981,10275.90039,10386.90039,258600500
12/1/15,10409.90039,10469.2002,10344.90039,10379.2002,208114000
12/2/15,10411.90039,10447,10323.5,10342,233402800
12/3/15,10353.40039,10476.59961,10083.29981,10092.90039,355470500
12/4/15,10046.09961,10131.5,9931.099609,10078.7002,289629100
12/7/15,10139,10158.2002,10021.90039,10042.40039,219572700
12/8/15,10029,10031.2002,9790.400391,9837.099609,221179300
12/9/15,9865.299805,9932.099609,9713.200195,9835.5,250831100
12/10/15,9779.400391,9872.5,9719.400391,9778.700195,258205300
12/11/15,9772.900391,9791.599609,9606.799805,9630.700195,263237400
12/14/15,9658,9732.099609,9428.5,9428.5,273724800
12/15/15,9496.299805,9747.5,9492.5,9711.599609,302446400
12/16/15,9762.5,9817.400391,9635.700195,9711,342148400
12/17/15,9909.099609,10000.40039,9850.900391,9878.5,324197600
12/18/15,9794.099609,9874.200195,9644.900391,9717.099609,408984200
12/21/15,9520.5,9558.200195,9365.799805,9365.799805,356508800
12/22/15,9451.799805,9456.299805,9351.799805,9415.599609,220106900
12/23/15,9505.599609,9661.900391,9503.900391,9641,236264000
12/24/15,9663,9706.200195,9653.099609,9682.900391,70619000
12/28/15,9675.599609,9724.900391,9533,9552.5,137892200
12/29/15,9611.700195,9677.700195,9606.400391,9670.400391,147769300
12/30/15,9650,9696.400391,9607.900391,9641.900391,141292900
12/31/15,9604.200195,9615.599609,9538.799805,9544.200195,79920900